# WaveFront *.obj file (generated by Autodesk ATF)

mtllib body1_visual.mtl

g Body1

v -3.566987 -0.250000 28.000001
v -3.566987 -0.216506 28.125001
v -3.566987 -0.125000 28.216507
v -3.566987 -0.000000 28.250001
v -3.566987 0.125000 28.216507
v -3.566987 0.216506 28.125001
v -3.566987 0.250000 28.000001
v -3.566987 0.216506 27.875001
v -3.566987 0.125000 27.783494
v -3.566987 -0.000000 27.750001
v -3.566987 -0.125000 27.783494
v -3.566987 -0.216506 27.875001
v -4.000000 -0.000000 27.500001
v -4.000000 -0.000000 28.500001
v -4.433013 -0.000000 27.750001
v -4.433013 -0.000000 28.250001
v -4.191342 -0.000000 27.538061
v -4.353553 -0.000000 27.646447
v -4.461940 -0.000000 27.808659
v -4.500000 -0.000000 28.000001
v -4.461940 -0.000000 28.191343
v -4.353553 -0.000000 28.353554
v -4.191342 -0.000000 28.461941
v -3.845201 -0.112468 28.461941
v -3.713969 -0.207813 28.353554
v -3.626283 -0.271521 28.191343
v -3.595492 -0.293893 28.000001
v -3.626283 -0.271521 27.808659
v -3.713969 -0.207813 27.646447
v -3.845201 -0.112468 27.538061
v -3.842310 -0.108377 27.538061
v -3.703485 -0.192559 27.646447
v -3.606132 -0.241363 27.808659
v -3.654173 -0.073508 28.353554
v -3.812840 -0.039782 28.461941
v -3.654173 0.073508 28.353554
v -3.812840 0.039782 28.461941
v -3.845201 0.112468 27.538061
v -3.713969 0.207813 27.646447
v -3.626283 0.271521 27.808659
v -3.595492 0.293893 28.000001
v -3.626283 0.271521 28.191343
v -3.713969 0.207813 28.353554
v -3.845201 0.112468 28.461941
v -3.654173 0.073508 27.646447
v -3.812840 0.039782 27.538061
v -3.654173 -0.073508 27.646447
v -3.812840 -0.039782 27.538061
v -4.174799 -0.077826 27.538061
v -4.322987 -0.143803 27.646447
v -4.422003 -0.187888 27.808659
v -4.456773 -0.203368 28.000001
v -4.422003 -0.187888 28.191343
v -4.322987 -0.143803 28.353554
v -4.174799 -0.077826 28.461941
v -4.174799 0.077826 28.461941
v -4.322987 0.143803 28.353554
v -4.422003 0.187888 28.191343
v -4.456773 0.203368 28.000001
v -4.422003 0.187888 27.808659
v -4.322987 0.143803 27.646447
v -4.174799 0.077826 27.538061
v -3.904329 -0.165707 28.461941
v -3.823223 -0.306186 28.353554
v -3.769030 -0.400052 28.191343
v -3.750000 -0.433013 28.000001
v -3.769030 -0.400052 27.808659
v -3.823223 -0.306186 27.646447
v -3.904329 -0.165707 27.538061
v -3.979999 0.190294 27.538061
v -3.963044 0.351617 27.646447
v -3.951714 0.459409 27.808659
v -3.947736 0.497261 28.000001
v -3.951714 0.459409 28.191343
v -3.963044 0.351617 28.353554
v -3.979999 0.190294 28.461941
v -3.904329 0.165707 28.461941
v -3.823223 0.306186 28.353554
v -3.769030 0.400052 28.191343
v -3.750000 0.433013 28.000001
v -3.769030 0.400052 27.808659
v -3.823223 0.306186 27.646447
v -3.904329 0.165707 27.538061
v -3.979999 -0.190294 28.461941
v -3.963044 -0.351617 28.353554
v -3.951714 -0.459409 28.191343
v -3.947736 -0.497261 28.000001
v -3.951714 -0.459409 27.808659
v -3.963044 -0.351617 27.646447
v -3.979999 -0.190294 27.538061
v -4.128033 0.142195 28.461941
v -4.236573 0.262741 28.353554
v -4.309098 0.343288 28.191343
v -4.334565 0.371572 28.000001
v -4.309098 0.343288 27.808659
v -4.236573 0.262741 27.646447
v -4.128033 0.142195 27.538061
v -4.059128 0.181977 28.461941
v -4.109254 0.336249 28.353554
v -4.142747 0.439331 28.191343
v -4.154508 0.475528 28.000001
v -4.142747 0.439331 27.808659
v -4.109254 0.336249 27.646447
v -4.059128 0.181977 27.538061
v -4.059128 -0.181977 28.461941
v -4.109254 -0.336249 28.353554
v -4.142747 -0.439331 28.191343
v -4.154508 -0.475528 28.000001
v -4.142747 -0.439331 27.808659
v -4.109254 -0.336249 27.646447
v -4.059128 -0.181977 27.538061
v -4.128033 -0.142195 28.461941
v -4.236573 -0.262741 28.353554
v -4.309098 -0.343288 28.191343
v -4.334565 -0.371572 28.000001
v -4.309098 -0.343288 27.808659
v -4.236573 -0.262741 27.646447
v -4.128033 -0.142195 27.538061
v 3.566987 -0.250000 28.000001
v 3.566987 -0.216506 27.875001
v 3.566987 -0.125000 27.783494
v 3.566987 -0.000000 27.750001
v 3.566987 0.125000 27.783494
v 3.566987 0.216506 27.875001
v 3.566987 0.250000 28.000001
v 3.566987 0.216506 28.125001
v 3.566987 0.125000 28.216507
v 3.566987 -0.000000 28.250001
v 3.566987 -0.125000 28.216507
v 3.566987 -0.216506 28.125001
v 4.000000 -0.000000 27.500001
v 4.000000 -0.000000 28.500001
v 4.433013 -0.000000 27.750001
v 4.433013 -0.000000 28.250001
v 4.191342 -0.000000 27.538061
v 4.353553 -0.000000 27.646447
v 4.461940 -0.000000 27.808659
v 4.500000 -0.000000 28.000001
v 4.461940 -0.000000 28.191343
v 4.353553 -0.000000 28.353554
v 4.191342 -0.000000 28.461941
v 3.845201 -0.112468 27.538061
v 3.713969 -0.207813 27.646447
v 3.626283 -0.271521 27.808659
v 3.595492 -0.293893 28.000001
v 3.626283 -0.271521 28.191343
v 3.713969 -0.207813 28.353554
v 3.845201 -0.112468 28.461941
v 3.812840 -0.039782 28.461941
v 3.654173 -0.073508 28.353554
v 3.654173 -0.073508 27.646447
v 3.812840 -0.039782 27.538061
v 3.654173 0.073508 27.646447
v 3.812840 0.039782 27.538061
v 3.606132 0.241363 27.808659
v 3.595492 0.293893 28.000001
v 3.703485 0.192559 27.646447
v 3.842310 0.108377 27.538061
v 3.845201 0.112468 28.461941
v 3.713969 0.207813 28.353554
v 3.626283 0.271521 28.191343
v 3.626283 0.271521 27.808659
v 3.713969 0.207813 27.646447
v 3.845201 0.112468 27.538061
v 3.654173 0.073508 28.353554
v 3.812840 0.039782 28.461941
v 4.174799 0.077826 27.538061
v 4.322987 0.143803 27.646447
v 4.422003 0.187888 27.808659
v 4.456773 0.203368 28.000001
v 4.422003 0.187888 28.191343
v 4.322987 0.143803 28.353554
v 4.174799 0.077826 28.461941
v 4.174799 -0.077826 28.461941
v 4.322987 -0.143803 28.353554
v 4.422003 -0.187888 28.191343
v 4.456773 -0.203368 28.000001
v 4.422003 -0.187888 27.808659
v 4.322987 -0.143803 27.646447
v 4.174799 -0.077826 27.538061
v 3.904329 0.165707 28.461941
v 3.823223 0.306186 28.353554
v 3.769030 0.400052 28.191343
v 3.750000 0.433013 28.000001
v 3.769030 0.400052 27.808659
v 3.823223 0.306186 27.646447
v 3.904329 0.165707 27.538061
v 3.979999 -0.190294 27.538061
v 3.963044 -0.351617 27.646447
v 3.951714 -0.459409 27.808659
v 3.947736 -0.497261 28.000001
v 3.951714 -0.459409 28.191343
v 3.963044 -0.351617 28.353554
v 3.979999 -0.190294 28.461941
v 3.904329 -0.165707 28.461941
v 3.823223 -0.306186 28.353554
v 3.769030 -0.400052 28.191343
v 3.750000 -0.433013 28.000001
v 3.769030 -0.400052 27.808659
v 3.823223 -0.306186 27.646447
v 3.904329 -0.165707 27.538061
v 3.979999 0.190294 28.461941
v 3.963044 0.351617 28.353554
v 3.951714 0.459409 28.191343
v 3.947736 0.497261 28.000001
v 3.951714 0.459409 27.808659
v 3.963044 0.351617 27.646447
v 3.979999 0.190294 27.538061
v 4.128033 -0.142195 28.461941
v 4.236573 -0.262741 28.353554
v 4.309098 -0.343288 28.191343
v 4.334565 -0.371572 28.000001
v 4.309098 -0.343288 27.808659
v 4.236573 -0.262741 27.646447
v 4.128033 -0.142195 27.538061
v 4.059128 -0.181977 28.461941
v 4.109254 -0.336249 28.353554
v 4.142747 -0.439331 28.191343
v 4.154508 -0.475528 28.000001
v 4.142747 -0.439331 27.808659
v 4.109254 -0.336249 27.646447
v 4.059128 -0.181977 27.538061
v 4.059128 0.181977 28.461941
v 4.109254 0.336249 28.353554
v 4.142747 0.439331 28.191343
v 4.154508 0.475528 28.000001
v 4.142747 0.439331 27.808659
v 4.109254 0.336249 27.646447
v 4.059128 0.181977 27.538061
v 4.128033 0.142195 28.461941
v 4.236573 0.262741 28.353554
v 4.309098 0.343288 28.191343
v 4.334565 0.371572 28.000001
v 4.309098 0.343288 27.808659
v 4.236573 0.262741 27.646447
v 4.128033 0.142195 27.538061
v -1.000000 -0.000000 27.750000
v -0.995395 -0.095863 27.769110
v -0.984249 -0.176786 27.823233
v -0.972979 -0.230896 27.904150
v -0.968246 -0.250000 28.000000
v -0.972979 -0.230896 28.095850
v -0.984249 -0.176786 28.176767
v -0.995395 -0.095863 28.230890
v -1.000000 -0.000000 28.250000
v -0.995395 0.095863 28.230890
v -0.984249 0.176786 28.176767
v -0.972979 0.230896 28.095850
v -0.968246 0.250000 28.000000
v -0.972979 0.230896 27.904150
v -0.984249 0.176786 27.823233
v -0.995395 0.095863 27.769110
v 1.000000 -0.000000 28.250000
v 0.995395 -0.095863 28.230890
v 0.984249 -0.176786 28.176767
v 0.972979 -0.230896 28.095850
v 0.968246 -0.250000 28.000000
v 0.972979 -0.230896 27.904150
v 0.984249 -0.176786 27.823233
v 0.995395 -0.095863 27.769110
v 1.000000 -0.000000 27.750000
v 0.995395 0.095863 27.769110
v 0.984249 0.176786 27.823233
v 0.972979 0.230896 27.904150
v 0.968246 0.250000 28.000000
v 0.972979 0.230896 28.095850
v 0.984249 0.176786 28.176767
v 0.995395 0.095863 28.230890
v 0.759934 -0.250000 28.000000
v 0.765967 -0.230855 28.095948
v 0.780219 -0.176800 28.176753
v 0.794222 -0.095980 28.230842
v 0.800000 -0.000000 28.250000
v 0.794222 0.095980 28.230842
v 0.780219 0.176800 28.176753
v 0.765967 0.230855 28.095948
v 0.759934 0.250000 28.000000
v 0.765967 0.230855 27.904052
v 0.780219 0.176800 27.823247
v 0.794222 0.095980 27.769158
v 0.800000 -0.000000 27.750000
v 0.794222 -0.095980 27.769158
v 0.780219 -0.176800 27.823247
v 0.765967 -0.230855 27.904052
v -0.759934 -0.250000 28.000000
v -0.765967 -0.230855 27.904052
v -0.780219 -0.176800 27.823247
v -0.794222 -0.095980 27.769158
v -0.800000 -0.000000 27.750000
v -0.794222 0.095980 27.769158
v -0.780219 0.176800 27.823247
v -0.765967 0.230855 27.904052
v -0.759934 0.250000 28.000000
v -0.765967 0.230855 28.095948
v -0.780219 0.176800 28.176753
v -0.794222 0.095980 28.230842
v -0.800000 -0.000000 28.250000
v -0.794222 -0.095980 28.230842
v -0.780219 -0.176800 28.176753
v -0.765967 -0.230855 28.095948
v 0.759934 -0.250000 3.000000
v 0.765967 -0.230855 3.095948
v 0.780219 -0.176800 3.176753
v 0.794222 -0.095980 3.230842
v 0.800000 -0.000000 3.250000
v 0.794222 0.095980 3.230842
v 0.780219 0.176800 3.176753
v 0.765967 0.230855 3.095948
v 0.759934 0.250000 3.000000
v 0.765967 0.230855 2.904052
v 0.780219 0.176800 2.823247
v 0.794222 0.095980 2.769158
v 0.800000 -0.000000 2.750000
v 0.794222 -0.095980 2.769158
v 0.780219 -0.176800 2.823247
v 0.765967 -0.230855 2.904052
v 1.000000 -0.000000 2.750000
v 0.995395 0.095863 2.769110
v 0.984249 0.176786 2.823233
v 0.972979 0.230896 2.904150
v 0.968246 0.250000 3.000000
v 0.972979 0.230896 3.095850
v 0.984249 0.176786 3.176767
v 0.995395 0.095863 3.230890
v 1.000000 -0.000000 3.250000
v 0.995395 -0.095863 3.230890
v 0.984249 -0.176786 3.176767
v 0.972979 -0.230896 3.095850
v 0.968246 -0.250000 3.000000
v 0.972979 -0.230896 2.904150
v 0.984249 -0.176786 2.823233
v 0.995395 -0.095863 2.769110
v -1.000000 -0.000000 3.250000
v -0.995395 0.095863 3.230890
v -0.984249 0.176786 3.176767
v -0.972979 0.230896 3.095850
v -0.968246 0.250000 3.000000
v -0.972979 0.230896 2.904150
v -0.984249 0.176786 2.823233
v -0.995395 0.095863 2.769110
v -1.000000 -0.000000 2.750000
v -0.995395 -0.095863 2.769110
v -0.984249 -0.176786 2.823233
v -0.972979 -0.230896 2.904150
v -0.968246 -0.250000 3.000000
v -0.972979 -0.230896 3.095850
v -0.984249 -0.176786 3.176767
v -0.995395 -0.095863 3.230890
v -0.759934 -0.250000 3.000000
v -0.765967 -0.230855 2.904052
v -0.780219 -0.176800 2.823247
v -0.794222 -0.095980 2.769158
v -0.800000 -0.000000 2.750000
v -0.794222 0.095980 2.769158
v -0.780219 0.176800 2.823247
v -0.765967 0.230855 2.904052
v -0.759934 0.250000 3.000000
v -0.765967 0.230855 3.095948
v -0.780219 0.176800 3.176753
v -0.794222 0.095980 3.230842
v -0.800000 -0.000000 3.250000
v -0.794222 -0.095980 3.230842
v -0.780219 -0.176800 3.176753
v -0.765967 -0.230855 3.095948
v 0.800000 0.000000 29.000000
v 0.756654 0.259760 29.000000
v 0.631312 0.491370 29.000000
v 0.437559 0.669733 29.000000
v 0.196388 0.775520 29.000000
v -0.066063 0.797268 29.000000
v -0.321356 0.732619 29.000000
v -0.541825 0.588579 29.000000
v -0.703579 0.380758 29.000000
v -0.789089 0.131676 29.000000
v -0.789089 -0.131676 29.000000
v -0.703579 -0.380758 29.000000
v -0.541825 -0.588579 29.000000
v -0.321356 -0.732619 29.000000
v -0.066063 -0.797268 29.000000
v 0.196388 -0.775520 29.000000
v 0.437559 -0.669733 29.000000
v 0.631312 -0.491370 29.000000
v 0.756654 -0.259760 29.000000
v 0.800000 0.000000 2.000000
v 0.756654 -0.259760 2.000000
v 0.631312 -0.491370 2.000000
v 0.437559 -0.669733 2.000000
v 0.196388 -0.775520 2.000000
v -0.066063 -0.797268 2.000000
v -0.321356 -0.732619 2.000000
v -0.541825 -0.588579 2.000000
v -0.703579 -0.380758 2.000000
v -0.789089 -0.131676 2.000000
v -0.789089 0.131676 2.000000
v -0.703579 0.380758 2.000000
v -0.541825 0.588579 2.000000
v -0.321356 0.732619 2.000000
v -0.066063 0.797268 2.000000
v 0.196388 0.775520 2.000000
v 0.437559 0.669733 2.000000
v 0.631312 0.491370 2.000000
v 0.756654 0.259760 2.000000
v 0.800000 0.000000 7.400000
v 0.800000 0.000000 12.800000
v 0.800000 0.000000 18.200000
v 0.800000 0.000000 23.600000
v -0.703579 -0.380758 23.600000
v -0.703579 -0.380758 18.200000
v -0.703579 -0.380758 12.800000
v -0.703579 -0.380758 7.400000
v -0.789089 -0.131676 7.400000
v -0.789089 -0.131676 12.800000
v -0.789089 -0.131676 18.200000
v -0.789089 -0.131676 23.600000
v -0.703579 0.380758 7.400000
v -0.703579 0.380758 12.800000
v -0.703579 0.380758 18.200000
v -0.703579 0.380758 23.600000
v -0.759934 0.250000 23.600000
v -0.759934 0.250000 18.200000
v -0.759934 0.250000 12.800000
v -0.759934 0.250000 7.400000
v -0.789089 0.131676 23.600000
v -0.789089 0.131676 18.200000
v -0.789089 0.131676 12.800000
v -0.789089 0.131676 7.400000
v 0.759934 -0.250000 7.400000
v 0.759934 -0.250000 12.800000
v 0.759934 -0.250000 18.200000
v 0.759934 -0.250000 23.600000
v 0.756654 0.259760 23.600000
v 0.756654 0.259760 18.200000
v 0.756654 0.259760 12.800000
v 0.756654 0.259760 7.400000
v 0.756654 -0.259760 7.400000
v 0.756654 -0.259760 12.800000
v 0.756654 -0.259760 18.200000
v 0.756654 -0.259760 23.600000
v 0.631312 0.491370 23.600000
v 0.631312 0.491370 18.200000
v 0.631312 0.491370 12.800000
v 0.631312 0.491370 7.400000
v 0.437559 0.669733 23.600000
v 0.437559 0.669733 18.200000
v 0.437559 0.669733 12.800000
v 0.437559 0.669733 7.400000
v 0.196388 0.775520 23.600000
v 0.196388 0.775520 18.200000
v 0.196388 0.775520 12.800000
v 0.196388 0.775520 7.400000
v -0.066063 0.797268 23.600000
v -0.066063 0.797268 18.200000
v -0.066063 0.797268 12.800000
v -0.066063 0.797268 7.400000
v -0.321356 0.732619 23.600000
v -0.321356 0.732619 18.200000
v -0.321356 0.732619 12.800000
v -0.321356 0.732619 7.400000
v -0.541825 0.588579 23.600000
v -0.541825 0.588579 18.200000
v -0.541825 0.588579 12.800000
v -0.541825 0.588579 7.400000
v -0.541825 -0.588579 23.600000
v -0.541825 -0.588579 18.200000
v -0.541825 -0.588579 12.800000
v -0.541825 -0.588579 7.400000
v -0.321356 -0.732619 23.600000
v -0.321356 -0.732619 18.200000
v -0.321356 -0.732619 12.800000
v -0.321356 -0.732619 7.400000
v -0.066063 -0.797268 23.600000
v -0.066063 -0.797268 18.200000
v -0.066063 -0.797268 12.800000
v -0.066063 -0.797268 7.400000
v 0.196388 -0.775520 23.600000
v 0.196388 -0.775520 18.200000
v 0.196388 -0.775520 12.800000
v 0.196388 -0.775520 7.400000
v 0.437559 -0.669733 23.600000
v 0.437559 -0.669733 18.200000
v 0.437559 -0.669733 12.800000
v 0.437559 -0.669733 7.400000
v 0.631312 -0.491370 23.600000
v 0.631312 -0.491370 18.200000
v 0.631312 -0.491370 12.800000
v 0.631312 -0.491370 7.400000
v 1.000000 0.000000 29.000000
v 0.955573 -0.294755 29.000000
v 0.826239 -0.563320 29.000000
v 0.623490 -0.781831 29.000000
v 0.365341 -0.930874 29.000000
v 0.074730 -0.997204 29.000000
v -0.222521 -0.974928 29.000000
v -0.500000 -0.866025 29.000000
v -0.733052 -0.680173 29.000000
v -0.900969 -0.433884 29.000000
v -0.988831 -0.149042 29.000000
v -0.988831 0.149042 29.000000
v -0.900969 0.433884 29.000000
v -0.733052 0.680173 29.000000
v -0.500000 0.866025 29.000000
v -0.222521 0.974928 29.000000
v 0.074730 0.997204 29.000000
v 0.365341 0.930874 29.000000
v 0.623490 0.781831 29.000000
v 0.826239 0.563320 29.000000
v 0.955573 0.294755 29.000000
v 1.000000 0.000000 2.000000
v 0.955573 0.294755 2.000000
v 0.826239 0.563320 2.000000
v 0.623490 0.781831 2.000000
v 0.365341 0.930874 2.000000
v 0.074730 0.997204 2.000000
v -0.222521 0.974928 2.000000
v -0.500000 0.866025 2.000000
v -0.733052 0.680173 2.000000
v -0.900969 0.433884 2.000000
v -0.988831 0.149042 2.000000
v -0.988831 -0.149042 2.000000
v -0.900969 -0.433884 2.000000
v -0.733052 -0.680173 2.000000
v -0.500000 -0.866025 2.000000
v -0.222521 -0.974928 2.000000
v 0.074730 -0.997204 2.000000
v 0.365341 -0.930874 2.000000
v 0.623490 -0.781831 2.000000
v 0.826239 -0.563320 2.000000
v 0.955573 -0.294755 2.000000
v 1.000000 -0.000000 7.400000
v 1.000000 -0.000000 12.800000
v 1.000000 -0.000000 18.200000
v 1.000000 -0.000000 23.600000
v -0.988831 0.149042 23.600000
v -0.988831 0.149042 18.200000
v -0.988831 0.149042 12.800000
v -0.988831 0.149042 7.400000
v -0.988831 -0.149042 7.400000
v -0.988831 -0.149042 12.800000
v -0.988831 -0.149042 18.200000
v -0.988831 -0.149042 23.600000
v -0.968246 0.250000 23.600000
v -0.968246 0.250000 18.200000
v -0.968246 0.250000 12.800000
v -0.968246 0.250000 7.400000
v -0.900969 -0.433884 7.400000
v -0.900969 -0.433884 12.800000
v -0.900969 -0.433884 18.200000
v -0.900969 -0.433884 23.600000
v 0.955573 0.294755 7.400000
v 0.955573 0.294755 12.800000
v 0.955573 0.294755 18.200000
v 0.955573 0.294755 23.600000
v 0.968246 -0.250000 23.600000
v 0.968246 -0.250000 18.200000
v 0.968246 -0.250000 12.800000
v 0.968246 -0.250000 7.400000
v -0.900969 0.433884 23.600000
v -0.900969 0.433884 18.200000
v -0.900969 0.433884 12.800000
v -0.900969 0.433884 7.400000
v 0.955573 -0.294755 23.600000
v 0.955573 -0.294755 18.200000
v 0.955573 -0.294755 12.800000
v 0.955573 -0.294755 7.400000
v 0.826239 -0.563320 23.600000
v 0.826239 -0.563320 18.200000
v 0.826239 -0.563320 12.800000
v 0.826239 -0.563320 7.400000
v 0.623490 -0.781831 23.600000
v 0.623490 -0.781831 18.200000
v 0.623490 -0.781831 12.800000
v 0.623490 -0.781831 7.400000
v 0.365341 -0.930874 23.600000
v 0.365341 -0.930874 18.200000
v 0.365341 -0.930874 12.800000
v 0.365341 -0.930874 7.400000
v 0.074730 -0.997204 23.600000
v 0.074730 -0.997204 18.200000
v 0.074730 -0.997204 12.800000
v 0.074730 -0.997204 7.400000
v -0.222521 -0.974928 23.600000
v -0.222521 -0.974928 18.200000
v -0.222521 -0.974928 12.800000
v -0.222521 -0.974928 7.400000
v -0.500000 -0.866025 23.600000
v -0.500000 -0.866025 18.200000
v -0.500000 -0.866025 12.800000
v -0.500000 -0.866025 7.400000
v -0.733052 -0.680173 23.600000
v -0.733052 -0.680173 18.200000
v -0.733052 -0.680173 12.800000
v -0.733052 -0.680173 7.400000
v -0.733052 0.680173 23.600000
v -0.733052 0.680173 18.200000
v -0.733052 0.680173 12.800000
v -0.733052 0.680173 7.400000
v -0.500000 0.866025 23.600000
v -0.500000 0.866025 18.200000
v -0.500000 0.866025 12.800000
v -0.500000 0.866025 7.400000
v -0.222521 0.974928 23.600000
v -0.222521 0.974928 18.200000
v -0.222521 0.974928 12.800000
v -0.222521 0.974928 7.400000
v 0.074730 0.997204 23.600000
v 0.074730 0.997204 18.200000
v 0.074730 0.997204 12.800000
v 0.074730 0.997204 7.400000
v 0.365341 0.930874 23.600000
v 0.365341 0.930874 18.200000
v 0.365341 0.930874 12.800000
v 0.365341 0.930874 7.400000
v 0.623490 0.781831 23.600000
v 0.623490 0.781831 18.200000
v 0.623490 0.781831 12.800000
v 0.623490 0.781831 7.400000
v 0.826239 0.563320 23.600000
v 0.826239 0.563320 18.200000
v 0.826239 0.563320 12.800000
v 0.826239 0.563320 7.400000
vt 0.126340 -0.231824 0.000000
vt -0.000000 -0.261799 0.000000
vt 0.000000 -0.314159 0.000000
vt -0.126340 -0.231824 0.000000
vt -0.196350 -0.314159 0.000000
vt -0.223916 -0.140517 0.000000
vt -0.392699 -0.314159 0.000000
vt -0.392699 -0.104720 0.000000
vt -0.589049 -0.104720 0.000000
vt -0.589049 0.104720 0.000000
vt -0.785398 0.104720 0.000000
vt -0.261799 0.000000 0.000000
vt -0.392699 0.104720 0.000000
vt -0.589049 0.314159 0.000000
vt -0.785398 0.314159 0.000000
vt -0.223916 0.140517 0.000000
vt -0.392699 0.314159 0.000000
vt -0.589049 0.523599 0.000000
vt -0.785398 0.523599 0.000000
vt -0.196350 0.314159 0.000000
vt -0.126340 0.231824 0.000000
vt 0.000000 0.314159 0.000000
vt -0.000000 0.261799 0.000000
vt 0.126340 0.231824 0.000000
vt 0.196350 0.314159 0.000000
vt 0.223916 0.140517 0.000000
vt 0.392699 0.314159 0.000000
vt 0.392699 0.104720 0.000000
vt 0.589049 0.104720 0.000000
vt 0.589049 -0.104720 0.000000
vt 0.785398 -0.104720 0.000000
vt 0.261799 0.000000 0.000000
vt 0.392699 -0.104720 0.000000
vt 0.392699 -0.287979 0.000000
vt 0.589049 -0.301069 0.000000
vt 0.392699 -0.314159 0.000000
vt 0.589049 -0.314159 0.000000
vt 0.589049 -0.523599 0.000000
vt 0.785398 -0.523599 0.000000
vt 0.223916 -0.140517 0.000000
vt 0.196350 -0.274889 0.000000
vt 0.196350 -0.314159 0.000000
vt 0.196350 -0.523599 0.000000
vt 0.000000 -0.523599 0.000000
vt 0.196350 -0.733038 0.000000
vt 0.000000 -0.733038 0.000000
vt 0.196350 -0.942478 0.000000
vt 0.000000 -0.942478 0.000000
vt 0.196350 -1.151917 0.000000
vt 0.000000 -1.151917 0.000000
vt 0.196350 -1.361357 0.000000
vt 0.000000 -1.361357 0.000000
vt 0.196350 -1.570796 0.000000
vt 0.000000 -1.570796 0.000000
vt 0.196350 1.570796 0.000000
vt 0.000000 1.570796 0.000000
vt 0.196350 1.361357 0.000000
vt 0.000000 1.361357 0.000000
vt 0.196350 1.151917 0.000000
vt 0.000000 1.151917 0.000000
vt 0.196350 0.942478 0.000000
vt 0.000000 0.942478 0.000000
vt 0.196350 0.733038 0.000000
vt 0.000000 0.733038 0.000000
vt 0.196350 0.523599 0.000000
vt 0.000000 0.523599 0.000000
vt 0.261799 1.570796 0.000000
vt 0.392699 1.361357 0.000000
vt 0.392699 1.570796 0.000000
vt 0.589049 1.361357 0.000000
vt 0.589049 1.570796 0.000000
vt 0.785398 1.361357 0.000000
vt 0.261799 -1.570796 0.000000
vt 0.392699 -1.570796 0.000000
vt 0.392699 -1.361357 0.000000
vt 0.589049 -1.570796 0.000000
vt 0.589049 -1.361357 0.000000
vt 0.785398 -1.570796 0.000000
vt -0.261799 1.570796 0.000000
vt -0.392699 1.570796 0.000000
vt -0.392699 1.361357 0.000000
vt -0.589049 1.570796 0.000000
vt -0.589049 1.361357 0.000000
vt -0.785398 1.570796 0.000000
vt -0.261799 -1.570796 0.000000
vt -0.196350 -1.570796 0.000000
vt -0.196350 -1.361357 0.000000
vt -0.785398 1.361357 0.000000
vt -0.589049 1.151917 0.000000
vt -0.785398 1.151917 0.000000
vt -0.589049 0.942478 0.000000
vt -0.785398 0.942478 0.000000
vt -0.589049 0.733038 0.000000
vt -0.785398 0.733038 0.000000
vt -0.785398 -0.104720 0.000000
vt -0.589049 -0.314159 0.000000
vt -0.785398 -0.314159 0.000000
vt -0.589049 -0.523599 0.000000
vt -0.589049 -0.733038 0.000000
vt -0.785398 -0.733038 0.000000
vt -0.589049 -0.942478 0.000000
vt -0.785398 -0.942478 0.000000
vt -0.589049 -1.151917 0.000000
vt -0.785398 -1.151917 0.000000
vt -0.589049 -1.361357 0.000000
vt -0.785398 -1.361357 0.000000
vt -0.589049 -1.570796 0.000000
vt 0.785398 -1.361357 0.000000
vt 0.589049 -1.151917 0.000000
vt 0.785398 -1.151917 0.000000
vt 0.589049 -0.942478 0.000000
vt 0.785398 -0.942478 0.000000
vt 0.589049 -0.733038 0.000000
vt 0.785398 -0.733038 0.000000
vt 0.785398 0.104720 0.000000
vt 0.589049 0.314159 0.000000
vt 0.785398 0.314159 0.000000
vt 0.589049 0.523599 0.000000
vt 0.589049 0.733038 0.000000
vt 0.785398 0.733038 0.000000
vt 0.589049 0.942478 0.000000
vt 0.785398 0.942478 0.000000
vt 0.589049 1.151917 0.000000
vt 0.785398 1.151917 0.000000
vt 0.392699 -1.151917 0.000000
vt 0.392699 -0.942478 0.000000
vt 0.392699 -0.733038 0.000000
vt 0.392699 -0.523599 0.000000
vt -0.196350 1.570796 0.000000
vt -0.196350 1.361357 0.000000
vt -0.196350 1.151917 0.000000
vt -0.196350 0.942478 0.000000
vt -0.196350 0.733038 0.000000
vt -0.196350 0.523599 0.000000
vt -0.392699 1.151917 0.000000
vt -0.392699 0.942478 0.000000
vt -0.392699 0.733038 0.000000
vt -0.392699 0.523599 0.000000
vt -0.392699 -1.570796 0.000000
vt -0.392699 -1.361357 0.000000
vt -0.392699 -1.151917 0.000000
vt -0.196350 -1.151917 0.000000
vt -0.392699 -0.942478 0.000000
vt -0.196350 -0.942478 0.000000
vt -0.392699 -0.733038 0.000000
vt -0.196350 -0.733038 0.000000
vt -0.392699 -0.523599 0.000000
vt -0.196350 -0.523599 0.000000
vt 0.785398 -0.314159 0.000000
vt -0.785398 -0.523599 0.000000
vt 0.785398 0.523599 0.000000
vt 0.392699 0.523599 0.000000
vt 0.392699 1.151917 0.000000
vt 0.392699 0.942478 0.000000
vt 0.392699 0.733038 0.000000
vt -0.126340 -1.338973 0.000000
vt -0.000000 -1.308997 0.000000
vt 0.000000 -1.256637 0.000000
vt 0.126340 -1.338973 0.000000
vt 0.196350 -1.256637 0.000000
vt 0.223916 -1.430279 0.000000
vt 0.392699 -1.256637 0.000000
vt 0.392699 -1.466077 0.000000
vt 0.589049 -1.466077 0.000000
vt 0.589049 -1.675516 0.000000
vt 0.785398 -1.675516 0.000000
vt 0.261799 -1.570796 0.000000
vt 0.392699 -1.675516 0.000000
vt 0.392699 -1.858776 0.000000
vt 0.589049 -1.871866 0.000000
vt 0.392699 -1.884956 0.000000
vt 0.589049 -1.884956 0.000000
vt 0.589049 -2.094395 0.000000
vt 0.785398 -2.094395 0.000000
vt 0.223916 -1.711314 0.000000
vt 0.196350 -1.845686 0.000000
vt 0.126340 -1.802620 0.000000
vt 0.196350 -1.884956 0.000000
vt 0.000000 -1.884956 0.000000
vt 0.196350 -2.094395 0.000000
vt 0.000000 -2.094395 0.000000
vt 0.196350 -2.303835 0.000000
vt 0.000000 -2.303835 0.000000
vt 0.196350 -2.513274 0.000000
vt 0.000000 -2.513274 0.000000
vt 0.196350 -2.722714 0.000000
vt 0.000000 -2.722714 0.000000
vt 0.196350 -2.932153 0.000000
vt 0.000000 -2.932153 0.000000
vt 0.196350 -3.141593 0.000000
vt 0.000000 -3.141593 0.000000
vt 0.196350 0.000000 0.000000
vt 0.000000 0.000000 0.000000
vt 0.196350 -0.209440 0.000000
vt 0.000000 -0.209440 0.000000
vt 0.196350 -0.418879 0.000000
vt 0.000000 -0.418879 0.000000
vt 0.196350 -0.628319 0.000000
vt 0.000000 -0.628319 0.000000
vt 0.196350 -0.837758 0.000000
vt 0.000000 -0.837758 0.000000
vt 0.196350 -1.047198 0.000000
vt 0.000000 -1.047198 0.000000
vt -0.000000 -1.832596 0.000000
vt -0.126340 -1.802620 0.000000
vt -0.196350 -1.884956 0.000000
vt -0.223916 -1.711314 0.000000
vt -0.392699 -1.884956 0.000000
vt -0.392699 -1.675516 0.000000
vt -0.589049 -1.675516 0.000000
vt -0.589049 -1.466077 0.000000
vt -0.785398 -1.466077 0.000000
vt -0.261799 -1.570796 0.000000
vt -0.392699 -1.466077 0.000000
vt -0.589049 -1.256637 0.000000
vt -0.785398 -1.256637 0.000000
vt -0.223916 -1.430279 0.000000
vt -0.392699 -1.256637 0.000000
vt -0.589049 -1.047198 0.000000
vt -0.785398 -1.047198 0.000000
vt -0.196350 -1.256637 0.000000
vt 0.261799 0.000000 0.000000
vt 0.392699 -0.209440 0.000000
vt 0.392699 0.000000 0.000000
vt 0.589049 -0.209440 0.000000
vt 0.589049 0.000000 0.000000
vt 0.785398 -0.209440 0.000000
vt 0.261799 -3.141593 0.000000
vt 0.392699 -3.141593 0.000000
vt 0.392699 -2.932153 0.000000
vt 0.589049 -3.141593 0.000000
vt 0.589049 -2.932153 0.000000
vt 0.785398 -3.141593 0.000000
vt -0.261799 0.000000 0.000000
vt -0.392699 0.000000 0.000000
vt -0.392699 -0.209440 0.000000
vt -0.589049 0.000000 0.000000
vt -0.589049 -0.209440 0.000000
vt -0.785398 0.000000 0.000000
vt -0.261799 -3.141593 0.000000
vt -0.196350 -3.141593 0.000000
vt -0.196350 -2.932153 0.000000
vt -0.785398 -0.209440 0.000000
vt -0.589049 -0.418879 0.000000
vt -0.785398 -0.418879 0.000000
vt -0.589049 -0.628319 0.000000
vt -0.785398 -0.628319 0.000000
vt -0.589049 -0.837758 0.000000
vt -0.785398 -0.837758 0.000000
vt -0.785398 -1.675516 0.000000
vt -0.589049 -1.884956 0.000000
vt -0.785398 -1.884956 0.000000
vt -0.589049 -2.094395 0.000000
vt -0.589049 -2.303835 0.000000
vt -0.785398 -2.303835 0.000000
vt -0.589049 -2.513274 0.000000
vt -0.785398 -2.513274 0.000000
vt -0.589049 -2.722714 0.000000
vt -0.785398 -2.722714 0.000000
vt -0.589049 -2.932153 0.000000
vt -0.785398 -2.932153 0.000000
vt -0.589049 -3.141593 0.000000
vt 0.785398 -2.932153 0.000000
vt 0.589049 -2.722714 0.000000
vt 0.785398 -2.722714 0.000000
vt 0.589049 -2.513274 0.000000
vt 0.785398 -2.513274 0.000000
vt 0.589049 -2.303835 0.000000
vt 0.785398 -2.303835 0.000000
vt 0.785398 -1.466077 0.000000
vt 0.589049 -1.256637 0.000000
vt 0.785398 -1.256637 0.000000
vt 0.589049 -1.047198 0.000000
vt 0.589049 -0.837758 0.000000
vt 0.785398 -0.837758 0.000000
vt 0.589049 -0.628319 0.000000
vt 0.785398 -0.628319 0.000000
vt 0.589049 -0.418879 0.000000
vt 0.785398 -0.418879 0.000000
vt 0.392699 -2.722714 0.000000
vt 0.392699 -2.513274 0.000000
vt 0.392699 -2.303835 0.000000
vt 0.392699 -2.094395 0.000000
vt -0.196350 0.000000 0.000000
vt -0.196350 -0.209440 0.000000
vt -0.196350 -0.418879 0.000000
vt -0.196350 -0.628319 0.000000
vt -0.196350 -0.837758 0.000000
vt -0.196350 -1.047198 0.000000
vt -0.392699 -0.418879 0.000000
vt -0.392699 -0.628319 0.000000
vt -0.392699 -0.837758 0.000000
vt -0.392699 -1.047198 0.000000
vt -0.392699 -3.141593 0.000000
vt -0.392699 -2.932153 0.000000
vt -0.392699 -2.722714 0.000000
vt -0.196350 -2.722714 0.000000
vt -0.392699 -2.513274 0.000000
vt -0.196350 -2.513274 0.000000
vt -0.392699 -2.303835 0.000000
vt -0.196350 -2.303835 0.000000
vt -0.392699 -2.094395 0.000000
vt -0.196350 -2.094395 0.000000
vt 0.785398 -1.884956 0.000000
vt -0.785398 -2.094395 0.000000
vt 0.785398 -1.047198 0.000000
vt 0.392699 -1.047198 0.000000
vt 0.392699 -0.418879 0.000000
vt 0.392699 -0.628319 0.000000
vt 0.392699 -0.837758 0.000000
vt 4.566987 -0.654498 0.000000
vt 1.972979 -0.687029 0.000000
vt 4.566987 -0.785398 0.000000
vt 1.968246 -0.785397 0.000000
vt 4.566987 0.785398 0.000000
vt 1.968246 0.785399 0.000000
vt 1.972979 0.687030 0.000000
vt 1.984249 -0.589061 0.000000
vt 4.566987 -0.523599 0.000000
vt 1.995395 -0.491081 0.000000
vt 4.566987 -0.392699 0.000000
vt 2.000000 -0.392699 0.000000
vt 1.995395 -0.294317 0.000000
vt 4.566987 -0.261799 0.000000
vt 1.984249 -0.196337 0.000000
vt 4.566987 -0.130900 0.000000
vt 1.972979 -0.098370 0.000000
vt 4.566987 0.000000 0.000000
vt 1.968246 -0.000001 0.000000
vt 1.972979 0.098368 0.000000
vt 4.566987 0.130900 0.000000
vt 1.984249 0.196336 0.000000
vt 4.566987 0.261799 0.000000
vt 1.995395 0.294317 0.000000
vt 4.566987 0.392699 0.000000
vt 2.000000 0.392699 0.000000
vt 1.995395 0.491082 0.000000
vt 4.566987 0.523599 0.000000
vt 1.984249 0.589062 0.000000
vt 4.566987 0.654498 0.000000
vt -2.566987 0.654498 0.000000
vt 0.027021 0.687030 0.000000
vt -2.566987 0.785398 0.000000
vt -2.566987 -0.785398 0.000000
vt 0.027021 -0.883766 0.000000
vt 0.031754 -0.785397 0.000000
vt 0.027021 -0.687029 0.000000
vt 0.015751 0.589062 0.000000
vt -2.566987 0.523599 0.000000
vt 0.004605 0.491082 0.000000
vt -2.566987 0.392699 0.000000
vt -0.000000 0.392699 0.000000
vt 0.004605 0.294317 0.000000
vt -2.566987 0.261799 0.000000
vt 0.015751 0.196336 0.000000
vt -2.566987 0.130900 0.000000
vt 0.027021 0.098368 0.000000
vt -2.566987 0.000000 0.000000
vt 0.031754 -0.000001 0.000000
vt 0.027021 -0.098370 0.000000
vt -2.566987 -0.130900 0.000000
vt 0.015751 -0.196337 0.000000
vt -2.566987 -0.261799 0.000000
vt 0.004605 -0.294317 0.000000
vt -2.566987 -0.392699 0.000000
vt -0.000000 -0.392699 0.000000
vt 0.004605 -0.491081 0.000000
vt -2.566987 -0.523599 0.000000
vt 0.015751 -0.589061 0.000000
vt -2.566987 -0.654498 0.000000
vt 0.234033 -0.883873 0.000000
vt 1.765967 -0.883873 0.000000
vt 0.240066 -0.785397 0.000000
vt 1.759934 -0.785397 0.000000
vt 0.234033 -0.686922 0.000000
vt 1.765967 -0.686922 0.000000
vt 1.780219 -0.589081 0.000000
vt 0.234033 0.686924 0.000000
vt 0.219781 0.589082 0.000000
vt 1.765967 0.686924 0.000000
vt 1.780219 0.589082 0.000000
vt 0.205778 0.491209 0.000000
vt 1.794222 0.491209 0.000000
vt 1.800000 0.392699 0.000000
vt 0.200000 0.392699 0.000000
vt 1.794222 0.294189 0.000000
vt 0.205778 0.294189 0.000000
vt 0.219781 0.196316 0.000000
vt 1.780219 0.196316 0.000000
vt 0.234033 0.098475 0.000000
vt 1.765967 0.098475 0.000000
vt 1.759934 -0.000001 0.000000
vt 0.240066 -0.000001 0.000000
vt 1.765967 -0.098476 0.000000
vt 0.234033 -0.098476 0.000000
vt 0.219781 -0.196317 0.000000
vt 1.780219 -0.196317 0.000000
vt 0.205778 -0.294190 0.000000
vt 1.794222 -0.294190 0.000000
vt 1.800000 -0.392699 0.000000
vt 0.200000 -0.392699 0.000000
vt 1.794222 -0.491208 0.000000
vt 0.205778 -0.491208 0.000000
vt 0.219781 -0.589081 0.000000
vt 0.234033 -0.686923 0.000000
vt 0.027021 -0.687029 0.000000
vt 0.240066 -0.785398 0.000000
vt 0.031754 -0.785398 0.000000
vt 0.240066 0.785398 0.000000
vt 0.031754 0.785398 0.000000
vt 0.234033 0.686923 0.000000
vt 0.027021 0.687029 0.000000
vt 0.015751 0.589062 0.000000
vt 0.219781 -0.589082 0.000000
vt 0.015751 -0.589062 0.000000
vt 0.205778 -0.491209 0.000000
vt 0.004605 -0.491081 0.000000
vt 0.200000 -0.392699 0.000000
vt 0.000000 -0.392699 0.000000
vt 0.004605 -0.294317 0.000000
vt 0.205778 -0.294190 0.000000
vt 0.015751 -0.196336 0.000000
vt 0.219781 -0.196316 0.000000
vt 0.234033 -0.098475 0.000000
vt 0.240066 0.000000 0.000000
vt 0.031754 0.000000 0.000000
vt 0.027021 -0.098369 0.000000
vt 0.027021 0.098369 0.000000
vt 0.234033 0.098475 0.000000
vt 0.219781 0.196316 0.000000
vt 0.015751 0.196336 0.000000
vt 0.205778 0.294190 0.000000
vt 0.004605 0.294317 0.000000
vt 0.200000 0.392699 0.000000
vt 0.000000 0.392699 0.000000
vt 0.004605 0.491081 0.000000
vt 0.205778 0.491209 0.000000
vt 0.219781 0.589082 0.000000
vt 1.995395 -0.491081 0.000000
vt 2.000000 -0.392699 0.000000
vt 1.800000 -0.392699 0.000000
vt 1.995395 -0.294317 0.000000
vt 1.794222 -0.294190 0.000000
vt 1.984249 -0.196336 0.000000
vt 1.780219 -0.196316 0.000000
vt 1.972979 -0.098369 0.000000
vt 1.765967 -0.098475 0.000000
vt 1.759934 0.000000 0.000000
vt 1.968246 0.000000 0.000000
vt 1.972979 0.098369 0.000000
vt 1.765967 0.098475 0.000000
vt 1.984249 0.196336 0.000000
vt 1.780219 0.196316 0.000000
vt 1.794222 0.294190 0.000000
vt 1.995395 0.294317 0.000000
vt 1.800000 0.392699 0.000000
vt 2.000000 0.392699 0.000000
vt 1.995395 0.491081 0.000000
vt 1.794222 0.491209 0.000000
vt 1.984249 0.589062 0.000000
vt 1.780219 0.589082 0.000000
vt 1.972979 0.687029 0.000000
vt 1.765967 0.686923 0.000000
vt 1.759934 0.785398 0.000000
vt 1.968246 0.785398 0.000000
vt 1.759934 -0.785398 0.000000
vt 1.968246 -0.785398 0.000000
vt 1.972979 -0.687029 0.000000
vt 1.765967 -0.686923 0.000000
vt 1.984249 -0.589062 0.000000
vt 1.780219 -0.589082 0.000000
vt 1.794222 -0.491209 0.000000
vt 26.095948 0.234185 0.000000
vt 27.000000 0.132278 0.000000
vt 26.000000 0.254259 0.000000
vt 27.000000 0.396833 0.000000
vt 21.600000 0.396833 0.000000
vt 21.600000 0.661388 0.000000
vt 16.200000 0.661388 0.000000
vt 16.200000 0.925943 0.000000
vt 10.800000 0.925943 0.000000
vt 10.800000 1.190498 0.000000
vt 5.400000 1.190498 0.000000
vt 5.400000 1.455053 0.000000
vt 0.000000 1.455053 0.000000
vt 0.000000 1.719609 0.000000
vt 5.400000 1.719609 0.000000
vt 0.000000 1.984164 0.000000
vt 5.400000 1.984164 0.000000
vt 0.000000 2.248719 0.000000
vt 5.400000 2.248719 0.000000
vt 1.000000 2.259015 0.000000
vt 5.400000 2.259015 0.000000
vt 1.095948 2.279089 0.000000
vt 1.176753 2.335002 0.000000
vt 1.230842 2.417062 0.000000
vt 5.400000 2.513274 0.000000
vt 1.250000 2.513274 0.000000
vt 1.250000 -2.513274 0.000000
vt 5.400000 -2.513274 0.000000
vt 1.230842 -2.417062 0.000000
vt 5.400000 -2.248719 0.000000
vt 1.176753 -2.335002 0.000000
vt 1.095948 -2.279089 0.000000
vt 1.000000 -2.259015 0.000000
vt 0.000000 -2.248719 0.000000
vt 0.904052 -2.279089 0.000000
vt 0.823247 -2.335002 0.000000
vt 0.769158 -2.417062 0.000000
vt 0.000000 -2.513274 0.000000
vt 0.750000 -2.513274 0.000000
vt 0.750000 2.513274 0.000000
vt 0.000000 2.513274 0.000000
vt 0.769158 2.417062 0.000000
vt 0.823247 2.335002 0.000000
vt 0.904052 2.279089 0.000000
vt 26.176753 0.178272 0.000000
vt 26.230842 0.096212 0.000000
vt 26.250000 0.000000 0.000000
vt 27.000000 -0.132278 0.000000
vt 26.230842 -0.096212 0.000000
vt 26.176753 -0.178272 0.000000
vt 26.095948 -0.234185 0.000000
vt 27.000000 -0.396833 0.000000
vt 26.000000 -0.254259 0.000000
vt 21.600000 -0.396833 0.000000
vt 21.600000 -0.254259 0.000000
vt 16.200000 -0.254259 0.000000
vt 16.200000 -0.132278 0.000000
vt 10.800000 -0.132278 0.000000
vt 10.800000 0.132278 0.000000
vt 5.400000 0.132278 0.000000
vt 5.400000 0.396833 0.000000
vt 1.000000 0.254259 0.000000
vt 0.000000 0.396833 0.000000
vt 0.000000 0.132278 0.000000
vt 25.904052 -0.234185 0.000000
vt 25.823247 -0.178272 0.000000
vt 21.600000 -0.132278 0.000000
vt 25.769158 -0.096212 0.000000
vt 25.750000 0.000000 0.000000
vt 21.600000 0.132278 0.000000
vt 25.769158 0.096212 0.000000
vt 25.823247 0.178272 0.000000
vt 25.904052 0.234185 0.000000
vt 25.904052 2.279089 0.000000
vt 21.600000 2.259015 0.000000
vt 26.000000 2.259015 0.000000
vt 21.600000 2.248719 0.000000
vt 27.000000 2.248719 0.000000
vt 27.000000 1.984164 0.000000
vt 21.600000 1.984164 0.000000
vt 27.000000 1.719609 0.000000
vt 21.600000 1.719609 0.000000
vt 27.000000 1.455053 0.000000
vt 21.600000 1.455053 0.000000
vt 27.000000 1.190498 0.000000
vt 21.600000 1.190498 0.000000
vt 27.000000 0.925943 0.000000
vt 21.600000 0.925943 0.000000
vt 27.000000 0.661388 0.000000
vt 25.823247 2.335002 0.000000
vt 25.769158 2.417062 0.000000
vt 21.600000 2.513274 0.000000
vt 25.750000 2.513274 0.000000
vt 21.600000 -2.513274 0.000000
vt 25.750000 -2.513274 0.000000
vt 25.769158 -2.417062 0.000000
vt 21.600000 -2.248719 0.000000
vt 25.823247 -2.335002 0.000000
vt 25.904052 -2.279089 0.000000
vt 26.000000 -2.259015 0.000000
vt 27.000000 -2.248719 0.000000
vt 21.600000 -1.984164 0.000000
vt 27.000000 -1.984164 0.000000
vt 21.600000 -1.719609 0.000000
vt 27.000000 -1.719609 0.000000
vt 21.600000 -1.455053 0.000000
vt 27.000000 -1.455053 0.000000
vt 21.600000 -1.190498 0.000000
vt 27.000000 -1.190498 0.000000
vt 21.600000 -0.925943 0.000000
vt 27.000000 -0.925943 0.000000
vt 21.600000 -0.661388 0.000000
vt 27.000000 -0.661388 0.000000
vt 26.095948 -2.279089 0.000000
vt 26.176753 -2.335002 0.000000
vt 26.230842 -2.417062 0.000000
vt 27.000000 -2.513274 0.000000
vt 26.250000 -2.513274 0.000000
vt 27.000000 2.513274 0.000000
vt 26.250000 2.513274 0.000000
vt 26.230842 2.417062 0.000000
vt 26.176753 2.335002 0.000000
vt 26.095948 2.279089 0.000000
vt 1.095948 0.234185 0.000000
vt 1.176753 0.178272 0.000000
vt 1.230842 0.096212 0.000000
vt 1.250000 0.000000 0.000000
vt 5.400000 -0.132278 0.000000
vt 10.800000 -0.254259 0.000000
vt 16.200000 -0.396833 0.000000
vt 1.230842 -0.096212 0.000000
vt 1.176753 -0.178272 0.000000
vt 5.400000 -0.254259 0.000000
vt 1.095948 -0.234185 0.000000
vt 1.000000 -0.254259 0.000000
vt 0.904052 -0.234185 0.000000
vt 0.000000 -0.396833 0.000000
vt 5.400000 -0.396833 0.000000
vt 10.800000 -0.396833 0.000000
vt 0.000000 -0.132278 0.000000
vt 0.823247 -0.178272 0.000000
vt 0.769158 -0.096212 0.000000
vt 0.750000 0.000000 0.000000
vt 0.769158 0.096212 0.000000
vt 0.823247 0.178272 0.000000
vt 0.904052 0.234185 0.000000
vt 0.000000 1.190498 0.000000
vt 5.400000 0.925943 0.000000
vt 10.800000 0.661388 0.000000
vt 16.200000 0.396833 0.000000
vt -0.000000 0.925943 0.000000
vt 5.400000 0.661388 0.000000
vt 10.800000 0.396833 0.000000
vt 16.200000 0.132278 0.000000
vt 0.000000 0.661388 0.000000
vt 5.400000 -0.661388 0.000000
vt 0.000000 -0.661388 0.000000
vt 5.400000 -0.925943 0.000000
vt 0.000000 -0.925943 0.000000
vt 5.400000 -1.190498 0.000000
vt 0.000000 -1.190498 0.000000
vt 5.400000 -1.455053 0.000000
vt 0.000000 -1.455053 0.000000
vt 5.400000 -1.719609 0.000000
vt 0.000000 -1.719609 0.000000
vt 5.400000 -1.984164 0.000000
vt 0.000000 -1.984164 0.000000
vt 10.800000 -2.513274 0.000000
vt 10.800000 -2.248719 0.000000
vt 10.800000 -1.984164 0.000000
vt 10.800000 -1.719609 0.000000
vt 10.800000 -1.455053 0.000000
vt 10.800000 -1.190498 0.000000
vt 10.800000 -0.925943 0.000000
vt 10.800000 -0.661388 0.000000
vt 16.200000 -2.513274 0.000000
vt 16.200000 -2.248719 0.000000
vt 16.200000 -1.984164 0.000000
vt 16.200000 -1.719609 0.000000
vt 16.200000 -1.455053 0.000000
vt 16.200000 -1.190498 0.000000
vt 16.200000 -0.925943 0.000000
vt 16.200000 -0.661388 0.000000
vt 10.800000 2.513274 0.000000
vt 10.800000 2.259015 0.000000
vt 10.800000 2.248719 0.000000
vt 10.800000 1.984164 0.000000
vt 10.800000 1.719609 0.000000
vt 10.800000 1.455053 0.000000
vt 16.200000 2.513274 0.000000
vt 16.200000 2.259015 0.000000
vt 16.200000 2.248719 0.000000
vt 16.200000 1.984164 0.000000
vt 16.200000 1.719609 0.000000
vt 16.200000 1.455053 0.000000
vt 16.200000 1.190498 0.000000
vt -25.769110 -0.096010 0.000000
vt -21.600000 -0.149600 0.000000
vt -25.750000 0.000000 0.000000
vt -21.600000 0.149600 0.000000
vt -25.769110 0.096010 0.000000
vt -25.823233 0.177720 0.000000
vt -25.904150 0.232998 0.000000
vt -26.000000 0.252680 0.000000
vt -21.600000 0.448799 0.000000
vt -27.000000 0.448799 0.000000
vt -27.000000 0.747998 0.000000
vt -21.600000 0.747998 0.000000
vt -27.000000 1.047198 0.000000
vt -21.600000 1.047198 0.000000
vt -27.000000 1.346397 0.000000
vt -21.600000 1.346397 0.000000
vt -27.000000 1.645596 0.000000
vt -21.600000 1.645596 0.000000
vt -27.000000 1.944795 0.000000
vt -21.600000 1.944795 0.000000
vt -27.000000 2.243995 0.000000
vt -21.600000 2.243995 0.000000
vt -27.000000 2.543194 0.000000
vt -21.600000 2.543194 0.000000
vt -27.000000 2.842393 0.000000
vt -21.600000 2.842393 0.000000
vt -26.000000 2.888912 0.000000
vt -21.600000 2.888912 0.000000
vt -25.904150 2.908595 0.000000
vt -25.823233 2.963873 0.000000
vt -25.769110 3.045583 0.000000
vt -21.600000 3.141593 0.000000
vt -25.750000 3.141593 0.000000
vt -25.750000 -3.141593 0.000000
vt -21.600000 -3.141593 0.000000
vt -25.769110 -3.045583 0.000000
vt -25.823233 -2.963873 0.000000
vt -21.600000 -2.842393 0.000000
vt -25.904150 -2.908595 0.000000
vt -26.000000 -2.888912 0.000000
vt -27.000000 -2.842393 0.000000
vt -26.095850 -2.908595 0.000000
vt -26.176767 -2.963873 0.000000
vt -27.000000 -3.141593 0.000000
vt -26.230890 -3.045583 0.000000
vt -26.250000 -3.141593 0.000000
vt -26.250000 3.141593 0.000000
vt -27.000000 3.141593 0.000000
vt -26.230890 3.045583 0.000000
vt -26.176767 2.963873 0.000000
vt -26.095850 2.908595 0.000000
vt -25.823233 -0.177720 0.000000
vt -21.600000 -0.252680 0.000000
vt -16.200000 -0.252680 0.000000
vt -16.200000 -0.448799 0.000000
vt -10.800000 -0.448799 0.000000
vt -10.800000 -0.747998 0.000000
vt -5.400000 -0.747998 0.000000
vt -5.400000 -1.047198 0.000000
vt -0.000000 -1.047198 0.000000
vt -0.000000 -1.346397 0.000000
vt -5.400000 -1.346397 0.000000
vt -0.000000 -1.645596 0.000000
vt -5.400000 -1.645596 0.000000
vt -0.000000 -1.944795 0.000000
vt -5.400000 -1.944795 0.000000
vt -0.000000 -2.243995 0.000000
vt -5.400000 -2.243995 0.000000
vt -0.000000 -2.543194 0.000000
vt -5.400000 -2.543194 0.000000
vt -0.000000 -2.842393 0.000000
vt -5.400000 -2.842393 0.000000
vt -1.000000 -2.888912 0.000000
vt -1.095850 -2.908595 0.000000
vt -1.176767 -2.963873 0.000000
vt -5.400000 -3.141593 0.000000
vt -1.230890 -3.045583 0.000000
vt -1.250000 -3.141593 0.000000
vt -1.250000 3.141593 0.000000
vt -5.400000 3.141593 0.000000
vt -1.230890 3.045583 0.000000
vt -5.400000 2.888912 0.000000
vt -1.176767 2.963873 0.000000
vt -1.095850 2.908595 0.000000
vt -1.000000 2.888912 0.000000
vt -5.400000 2.842393 0.000000
vt -0.000000 2.842393 0.000000
vt -0.000000 2.543194 0.000000
vt -5.400000 2.543194 0.000000
vt -0.000000 2.243995 0.000000
vt -5.400000 2.243995 0.000000
vt -0.000000 1.944795 0.000000
vt -5.400000 1.944795 0.000000
vt -0.000000 1.645596 0.000000
vt -5.400000 1.645596 0.000000
vt -0.000000 1.346397 0.000000
vt -5.400000 1.346397 0.000000
vt -0.000000 1.047198 0.000000
vt -5.400000 1.047198 0.000000
vt -0.000000 0.747998 0.000000
vt -5.400000 0.747998 0.000000
vt -0.000000 0.448799 0.000000
vt -5.400000 0.448799 0.000000
vt -1.000000 0.252680 0.000000
vt -5.400000 0.149600 0.000000
vt -1.095850 0.232998 0.000000
vt -1.176767 0.177720 0.000000
vt -1.230890 0.096010 0.000000
vt -1.250000 0.000000 0.000000
vt -5.400000 -0.149600 0.000000
vt -1.230890 -0.096010 0.000000
vt -1.176767 -0.177720 0.000000
vt -5.400000 -0.252680 0.000000
vt -1.095850 -0.232998 0.000000
vt -1.000000 -0.252680 0.000000
vt -5.400000 -0.448799 0.000000
vt -0.000000 -0.448799 0.000000
vt -0.000000 -0.747998 0.000000
vt -25.904150 -0.232998 0.000000
vt -26.000000 -0.252680 0.000000
vt -21.600000 -0.448799 0.000000
vt -27.000000 -0.448799 0.000000
vt -21.600000 -0.747998 0.000000
vt -27.000000 -0.747998 0.000000
vt -21.600000 -1.047198 0.000000
vt -27.000000 -1.047198 0.000000
vt -21.600000 -1.346397 0.000000
vt -27.000000 -1.346397 0.000000
vt -21.600000 -1.645596 0.000000
vt -27.000000 -1.645596 0.000000
vt -21.600000 -1.944795 0.000000
vt -27.000000 -1.944795 0.000000
vt -21.600000 -2.243995 0.000000
vt -27.000000 -2.243995 0.000000
vt -21.600000 -2.543194 0.000000
vt -27.000000 -2.543194 0.000000
vt -26.095850 -0.232998 0.000000
vt -27.000000 -0.149600 0.000000
vt -26.176767 -0.177720 0.000000
vt -26.230890 -0.096010 0.000000
vt -26.250000 0.000000 0.000000
vt -27.000000 0.149600 0.000000
vt -26.230890 0.096010 0.000000
vt -26.176767 0.177720 0.000000
vt -26.095850 0.232998 0.000000
vt -0.769110 -0.096010 0.000000
vt -0.000000 -0.149600 0.000000
vt -0.750000 0.000000 0.000000
vt -0.000000 0.149600 0.000000
vt -0.769110 0.096010 0.000000
vt -0.823233 0.177720 0.000000
vt -0.904150 0.232998 0.000000
vt -0.823233 -0.177720 0.000000
vt -0.904150 -0.232998 0.000000
vt -0.904150 -2.908595 0.000000
vt -0.823233 -2.963873 0.000000
vt -0.000000 -3.141593 0.000000
vt -0.769110 -3.045583 0.000000
vt -0.750000 -3.141593 0.000000
vt -0.750000 3.141593 0.000000
vt -0.769110 3.045583 0.000000
vt -0.000000 3.141593 0.000000
vt -0.823233 2.963873 0.000000
vt -0.904150 2.908595 0.000000
vt -10.800000 3.141593 0.000000
vt -10.800000 2.888912 0.000000
vt -10.800000 2.842393 0.000000
vt -10.800000 2.543194 0.000000
vt -10.800000 2.243995 0.000000
vt -10.800000 1.944795 0.000000
vt -10.800000 1.645596 0.000000
vt -10.800000 1.346397 0.000000
vt -10.800000 1.047198 0.000000
vt -10.800000 0.747998 0.000000
vt -10.800000 0.448799 0.000000
vt -10.800000 0.149600 0.000000
vt -10.800000 -0.149600 0.000000
vt -10.800000 -0.252680 0.000000
vt -16.200000 3.141593 0.000000
vt -16.200000 2.888912 0.000000
vt -16.200000 2.842393 0.000000
vt -16.200000 2.543194 0.000000
vt -16.200000 2.243995 0.000000
vt -16.200000 1.944795 0.000000
vt -16.200000 1.645596 0.000000
vt -16.200000 1.346397 0.000000
vt -16.200000 1.047198 0.000000
vt -16.200000 0.747998 0.000000
vt -16.200000 0.448799 0.000000
vt -16.200000 0.149600 0.000000
vt -16.200000 -0.149600 0.000000
vt -10.800000 -3.141593 0.000000
vt -10.800000 -2.842393 0.000000
vt -10.800000 -2.543194 0.000000
vt -10.800000 -2.243995 0.000000
vt -10.800000 -1.944795 0.000000
vt -10.800000 -1.645596 0.000000
vt -10.800000 -1.346397 0.000000
vt -10.800000 -1.047198 0.000000
vt -16.200000 -3.141593 0.000000
vt -16.200000 -2.842393 0.000000
vt -16.200000 -2.543194 0.000000
vt -16.200000 -2.243995 0.000000
vt -16.200000 -1.944795 0.000000
vt -16.200000 -1.645596 0.000000
vt -16.200000 -1.346397 0.000000
vt -16.200000 -1.047198 0.000000
vt -16.200000 -0.747998 0.000000
vt -0.756654 0.259760 0.000000
vt -0.955573 0.294755 0.000000
vt -0.800000 -0.000000 0.000000
vt -1.000000 -0.000000 0.000000
vt -0.955573 -0.294755 0.000000
vt -0.826239 0.563320 0.000000
vt -0.631312 0.491370 0.000000
vt -0.623490 0.781831 0.000000
vt -0.437559 0.669733 0.000000
vt -0.365341 0.930874 0.000000
vt -0.196388 0.775520 0.000000
vt -0.074730 0.997204 0.000000
vt 0.066063 0.797268 0.000000
vt 0.222521 0.974928 0.000000
vt 0.321356 0.732619 0.000000
vt 0.500000 0.866025 0.000000
vt 0.541825 0.588579 0.000000
vt 0.733052 0.680173 0.000000
vt 0.703579 0.380758 0.000000
vt 0.900969 0.433884 0.000000
vt 0.789089 0.131676 0.000000
vt 0.988831 0.149042 0.000000
vt 0.988831 -0.149042 0.000000
vt 0.789089 -0.131676 0.000000
vt 0.900969 -0.433884 0.000000
vt 0.703579 -0.380758 0.000000
vt 0.733052 -0.680173 0.000000
vt 0.541825 -0.588579 0.000000
vt 0.500000 -0.866025 0.000000
vt 0.321356 -0.732619 0.000000
vt 0.222521 -0.974928 0.000000
vt 0.066063 -0.797268 0.000000
vt -0.074730 -0.997204 0.000000
vt -0.196388 -0.775520 0.000000
vt -0.365341 -0.930874 0.000000
vt -0.437559 -0.669733 0.000000
vt -0.623490 -0.781831 0.000000
vt -0.631312 -0.491370 0.000000
vt -0.826239 -0.563320 0.000000
vt -0.756654 -0.259760 0.000000
vt 0.756654 -0.259760 0.000000
vt 0.955573 -0.294755 0.000000
vt 0.800000 -0.000000 0.000000
vt 1.000000 -0.000000 0.000000
vt 0.955573 0.294755 0.000000
vt 0.826239 -0.563320 0.000000
vt 0.631312 -0.491370 0.000000
vt 0.623490 -0.781831 0.000000
vt 0.437559 -0.669733 0.000000
vt 0.365341 -0.930874 0.000000
vt 0.196388 -0.775520 0.000000
vt 0.074730 -0.997204 0.000000
vt -0.066063 -0.797268 0.000000
vt -0.222521 -0.974928 0.000000
vt -0.321356 -0.732619 0.000000
vt -0.500000 -0.866025 0.000000
vt -0.541825 -0.588579 0.000000
vt -0.733052 -0.680173 0.000000
vt -0.703579 -0.380758 0.000000
vt -0.900969 -0.433884 0.000000
vt -0.789089 -0.131676 0.000000
vt -0.988831 -0.149042 0.000000
vt -0.789089 0.131676 0.000000
vt -0.988831 0.149042 0.000000
vt -0.900969 0.433884 0.000000
vt -0.703579 0.380758 0.000000
vt -0.733052 0.680173 0.000000
vt -0.541825 0.588579 0.000000
vt -0.500000 0.866025 0.000000
vt -0.321356 0.732619 0.000000
vt -0.222521 0.974928 0.000000
vt -0.066063 0.797268 0.000000
vt 0.074730 0.997204 0.000000
vt 0.196388 0.775520 0.000000
vt 0.365341 0.930874 0.000000
vt 0.437559 0.669733 0.000000
vt 0.623490 0.781831 0.000000
vt 0.631312 0.491370 0.000000
vt 0.826239 0.563320 0.000000
vt 0.756654 0.259760 0.000000
vn 0.866025 -0.433013 -0.250000
vn 0.866025 -0.500000 0.000000
vn 0.809017 -0.587785 0.000000
vn 0.866025 -0.433013 0.250000
vn 0.747434 -0.543043 0.382683
vn 0.866025 -0.250000 0.433013
vn 0.572061 -0.415627 0.707107
vn 0.691655 -0.147016 0.707107
vn 0.374321 -0.079564 0.923880
vn 0.374321 0.079564 0.923880
vn 0.000000 0.000000 1.000000
vn 0.866025 0.000000 0.500000
vn 0.691655 0.147016 0.707107
vn 0.309597 0.224936 0.923880
vn 0.866025 0.250000 0.433013
vn 0.572061 0.415627 0.707107
vn 0.191342 0.331414 0.923880
vn 0.747434 0.543043 0.382683
vn 0.866025 0.433013 0.250000
vn 0.809017 0.587785 0.000000
vn 0.866025 0.500000 0.000000
vn 0.866025 0.433013 -0.250000
vn 0.747434 0.543043 -0.382683
vn 0.866025 0.250000 -0.433013
vn 0.572061 0.415627 -0.707107
vn 0.691655 0.147016 -0.707107
vn 0.374321 0.079564 -0.923880
vn 0.374321 -0.079564 -0.923880
vn 0.000000 -0.000000 -1.000000
vn 0.866025 0.000000 -0.500000
vn 0.691655 -0.147016 -0.707107
vn 0.593030 -0.385118 -0.707107
vn 0.315379 -0.216754 -0.923880
vn 0.572061 -0.415627 -0.707107
vn 0.309597 -0.224936 -0.923880
vn 0.191342 -0.331414 -0.923880
vn 0.866025 -0.250000 -0.433013
vn 0.787737 -0.482726 -0.382683
vn 0.747434 -0.543043 -0.382683
vn 0.461940 -0.800103 -0.382683
vn 0.500000 -0.866025 0.000000
vn 0.096572 -0.918818 -0.382683
vn 0.104528 -0.994522 0.000000
vn -0.285494 -0.878662 -0.382683
vn -0.309017 -0.951057 0.000000
vn -0.618196 -0.686576 -0.382683
vn -0.669131 -0.743145 0.000000
vn -0.844006 -0.375776 -0.382683
vn -0.913545 -0.406737 0.000000
vn -0.923880 -0.000000 -0.382683
vn -1.000000 -0.000000 0.000000
vn -0.844006 0.375776 -0.382683
vn -0.913545 0.406737 0.000000
vn -0.618196 0.686576 -0.382683
vn -0.669131 0.743145 0.000000
vn -0.285494 0.878662 -0.382683
vn -0.309017 0.951057 0.000000
vn 0.096572 0.918818 -0.382683
vn 0.104528 0.994522 0.000000
vn 0.461940 0.800103 -0.382683
vn 0.500000 0.866025 0.000000
vn -0.866025 0.000000 -0.500000
vn -0.645974 0.287606 -0.707107
vn -0.707107 0.000000 -0.707107
vn -0.349599 0.155651 -0.923880
vn -0.382683 0.000000 -0.923880
vn -0.645974 -0.287606 -0.707107
vn -0.349599 -0.155651 -0.923880
vn -0.866025 0.000000 0.500000
vn -0.707107 0.000000 0.707107
vn -0.645974 0.287606 0.707107
vn -0.382683 0.000000 0.923880
vn -0.349599 0.155651 0.923880
vn -0.923880 -0.000000 0.382683
vn -0.844006 -0.375776 0.382683
vn -0.256065 0.284389 0.923880
vn -0.118256 0.363954 0.923880
vn 0.040001 0.380587 0.923880
vn 0.309597 -0.224936 0.923880
vn 0.191342 -0.331414 0.923880
vn 0.040001 -0.380587 0.923880
vn -0.118256 -0.363954 0.923880
vn -0.256065 -0.284389 0.923880
vn -0.349599 -0.155651 0.923880
vn -0.256065 -0.284389 -0.923880
vn -0.118256 -0.363954 -0.923880
vn 0.040001 -0.380587 -0.923880
vn 0.309597 0.224936 -0.923880
vn 0.191342 0.331414 -0.923880
vn 0.040001 0.380587 -0.923880
vn -0.118256 0.363954 -0.923880
vn -0.256065 0.284389 -0.923880
vn -0.473147 -0.525483 -0.707107
vn -0.218508 -0.672499 -0.707107
vn 0.073913 -0.703233 -0.707107
vn 0.353553 -0.612372 -0.707107
vn -0.844006 0.375776 0.382683
vn -0.618196 0.686576 0.382683
vn -0.285494 0.878662 0.382683
vn 0.096572 0.918818 0.382683
vn 0.461940 0.800103 0.382683
vn -0.473147 0.525483 0.707107
vn -0.218508 0.672499 0.707107
vn 0.073913 0.703233 0.707107
vn 0.353553 0.612372 0.707107
vn -0.645974 -0.287606 0.707107
vn -0.473147 -0.525483 0.707107
vn -0.618196 -0.686576 0.382683
vn -0.218508 -0.672499 0.707107
vn -0.285494 -0.878662 0.382683
vn 0.073913 -0.703233 0.707107
vn 0.096572 -0.918818 0.382683
vn 0.353553 -0.612372 0.707107
vn 0.461940 -0.800103 0.382683
vn 0.353553 0.612372 -0.707107
vn -0.473147 0.525483 -0.707107
vn -0.218508 0.672499 -0.707107
vn 0.073913 0.703233 -0.707107
vn -0.866025 -0.433013 0.250000
vn -0.866025 -0.500000 0.000000
vn -0.809017 -0.587785 0.000000
vn -0.866025 -0.433013 -0.250000
vn -0.747434 -0.543043 -0.382683
vn -0.866025 -0.250000 -0.433013
vn -0.572061 -0.415627 -0.707107
vn -0.691655 -0.147016 -0.707107
vn -0.374321 -0.079564 -0.923880
vn -0.374321 0.079564 -0.923880
vn 0.000000 0.000000 -1.000000
vn -0.866025 -0.000000 -0.500000
vn -0.691655 0.147016 -0.707107
vn -0.593030 0.385118 -0.707107
vn -0.315379 0.216754 -0.923880
vn -0.572061 0.415627 -0.707107
vn -0.309597 0.224936 -0.923880
vn -0.191342 0.331414 -0.923880
vn -0.866025 0.250000 -0.433013
vn -0.787737 0.482726 -0.382683
vn -0.866025 0.433013 -0.250000
vn -0.747434 0.543043 -0.382683
vn -0.809017 0.587785 0.000000
vn -0.461940 0.800103 -0.382683
vn -0.500000 0.866025 0.000000
vn -0.096572 0.918818 -0.382683
vn -0.104528 0.994522 0.000000
vn 0.285494 0.878662 -0.382683
vn 0.309017 0.951057 0.000000
vn 0.618196 0.686576 -0.382683
vn 0.669131 0.743145 0.000000
vn 0.844006 0.375776 -0.382683
vn 0.913545 0.406737 0.000000
vn 0.923880 0.000000 -0.382683
vn 1.000000 0.000000 0.000000
vn 0.844006 -0.375776 -0.382683
vn 0.913545 -0.406737 0.000000
vn 0.618196 -0.686576 -0.382683
vn 0.669131 -0.743145 0.000000
vn 0.285494 -0.878662 -0.382683
vn 0.309017 -0.951057 0.000000
vn -0.096572 -0.918818 -0.382683
vn -0.104528 -0.994522 0.000000
vn -0.461940 -0.800103 -0.382683
vn -0.500000 -0.866025 0.000000
vn -0.866025 0.500000 0.000000
vn -0.866025 0.433013 0.250000
vn -0.747434 0.543043 0.382683
vn -0.866025 0.250000 0.433013
vn -0.572061 0.415627 0.707107
vn -0.691655 0.147016 0.707107
vn -0.374321 0.079564 0.923880
vn -0.374321 -0.079564 0.923880
vn 0.000000 -0.000000 1.000000
vn -0.866025 -0.000000 0.500000
vn -0.691655 -0.147016 0.707107
vn -0.309597 -0.224936 0.923880
vn -0.866025 -0.250000 0.433013
vn -0.572061 -0.415627 0.707107
vn -0.191342 -0.331414 0.923880
vn -0.747434 -0.543043 0.382683
vn 0.866025 0.000000 -0.500000
vn 0.645974 -0.287606 -0.707107
vn 0.707107 0.000000 -0.707107
vn 0.349599 -0.155651 -0.923880
vn 0.382683 0.000000 -0.923880
vn 0.645974 0.287606 -0.707107
vn 0.349599 0.155651 -0.923880
vn 0.866025 0.000000 0.500000
vn 0.707107 0.000000 0.707107
vn 0.645974 -0.287606 0.707107
vn 0.382683 0.000000 0.923880
vn 0.349599 -0.155651 0.923880
vn 0.923880 0.000000 0.382683
vn 0.844006 0.375776 0.382683
vn 0.256065 -0.284389 0.923880
vn 0.118256 -0.363954 0.923880
vn -0.040001 -0.380587 0.923880
vn -0.309597 0.224936 0.923880
vn -0.191342 0.331414 0.923880
vn -0.040001 0.380587 0.923880
vn 0.118256 0.363954 0.923880
vn 0.256065 0.284389 0.923880
vn 0.349599 0.155651 0.923880
vn 0.256065 0.284389 -0.923880
vn 0.118256 0.363954 -0.923880
vn -0.040001 0.380587 -0.923880
vn -0.309597 -0.224936 -0.923880
vn -0.191342 -0.331414 -0.923880
vn -0.040001 -0.380587 -0.923880
vn 0.118256 -0.363954 -0.923880
vn 0.256065 -0.284389 -0.923880
vn 0.473147 0.525483 -0.707107
vn 0.218508 0.672499 -0.707107
vn -0.073913 0.703233 -0.707107
vn -0.353553 0.612372 -0.707107
vn 0.844006 -0.375776 0.382683
vn 0.618196 -0.686576 0.382683
vn 0.285494 -0.878662 0.382683
vn -0.096572 -0.918818 0.382683
vn -0.461940 -0.800103 0.382683
vn 0.473147 -0.525483 0.707107
vn 0.218508 -0.672499 0.707107
vn -0.073913 -0.703233 0.707107
vn -0.353553 -0.612372 0.707107
vn 0.645974 0.287606 0.707107
vn 0.473147 0.525483 0.707107
vn 0.618196 0.686576 0.382683
vn 0.218508 0.672499 0.707107
vn 0.285494 0.878662 0.382683
vn -0.073913 0.703233 0.707107
vn -0.096572 0.918818 0.382683
vn -0.353553 0.612372 0.707107
vn -0.461940 0.800103 0.382683
vn -0.353553 -0.612372 -0.707107
vn 0.473147 -0.525483 -0.707107
vn 0.218508 -0.672499 -0.707107
vn -0.073913 -0.703233 -0.707107
vn 0.000000 -0.866025 -0.500000
vn 0.000000 -0.923581 -0.383403
vn 0.000000 -1.000000 -0.000000
vn 0.000000 -1.000000 -0.000003
vn -0.000000 -0.923583 0.383398
vn 0.000000 -0.707142 -0.707071
vn 0.000000 -0.500000 -0.866025
vn 0.000000 -0.383449 -0.923562
vn -0.000000 0.000000 -1.000000
vn -0.000000 0.000000 -1.000000
vn -0.000000 0.383449 -0.923562
vn -0.000000 0.500000 -0.866025
vn -0.000000 0.707142 -0.707071
vn -0.000000 0.866025 -0.500000
vn -0.000000 0.923581 -0.383403
vn -0.000000 1.000000 -0.000000
vn -0.000000 1.000000 -0.000003
vn -0.000000 0.923583 0.383398
vn -0.000000 0.866025 0.500000
vn -0.000000 0.707145 0.707068
vn -0.000000 0.500000 0.866025
vn -0.000000 0.383451 0.923561
vn -0.000000 0.000000 1.000000
vn -0.000000 0.000000 1.000000
vn -0.000000 -0.383451 0.923561
vn -0.000000 -0.500000 0.866025
vn -0.000000 -0.707145 0.707068
vn -0.000000 -0.866025 0.500000
vn -0.000000 -0.866025 0.500000
vn -0.000000 -0.923583 0.383398
vn -0.000000 -1.000000 0.000000
vn 0.000000 -1.000000 -0.000003
vn 0.000000 -0.923581 -0.383403
vn -0.000000 -0.707145 0.707068
vn -0.000000 -0.500000 0.866025
vn -0.000000 -0.383451 0.923561
vn -0.000000 0.000000 1.000000
vn -0.000000 0.000000 1.000000
vn -0.000000 0.383451 0.923561
vn -0.000000 0.500000 0.866025
vn -0.000000 0.707145 0.707068
vn -0.000000 0.866025 0.500000
vn -0.000000 0.923583 0.383398
vn -0.000000 1.000000 -0.000000
vn -0.000000 1.000000 -0.000003
vn -0.000000 0.923581 -0.383403
vn -0.000000 0.866025 -0.500000
vn -0.000000 0.707142 -0.707071
vn -0.000000 0.500000 -0.866025
vn -0.000000 0.383449 -0.923562
vn -0.000000 0.000000 -1.000000
vn -0.000000 0.000000 -1.000000
vn 0.000000 -0.383449 -0.923562
vn 0.000000 -0.500000 -0.866025
vn 0.000000 -0.707142 -0.707071
vn 0.000000 -0.866025 -0.500000
vn -0.000000 -0.923420 0.383791
vn -0.000000 -0.923420 0.383791
vn 0.000000 -1.000000 -0.000003
vn 0.000000 -1.000000 -0.000003
vn 0.000000 -0.923418 -0.383796
vn 0.000000 -0.923418 -0.383796
vn 0.000000 -0.707199 -0.707015
vn -0.000000 -0.707202 0.707012
vn -0.000000 -0.707202 0.707012
vn -0.000000 -0.383921 0.923366
vn -0.000000 -0.383921 0.923366
vn -0.000000 -0.000000 1.000000
vn -0.000000 0.000000 1.000000
vn -0.000000 0.383921 0.923366
vn -0.000000 0.383921 0.923366
vn -0.000000 0.707202 0.707012
vn -0.000000 0.707202 0.707012
vn -0.000000 0.923420 0.383791
vn -0.000000 0.923420 0.383791
vn -0.000000 1.000000 -0.000003
vn -0.000000 1.000000 -0.000003
vn -0.000000 0.923418 -0.383796
vn -0.000000 0.923418 -0.383796
vn -0.000000 0.707199 -0.707015
vn -0.000000 0.707199 -0.707015
vn -0.000000 0.383919 -0.923367
vn -0.000000 0.383919 -0.923367
vn -0.000000 0.000000 -1.000000
vn 0.000000 -0.000000 -1.000000
vn 0.000000 -0.383919 -0.923367
vn 0.000000 -0.383919 -0.923367
vn 0.000000 -0.707199 -0.707015
vn 0.000000 0.923419 -0.383794
vn 0.000000 0.923582 -0.383400
vn 0.000000 1.000000 -0.000000
vn 0.000000 1.000000 -0.000000
vn 0.000000 0.923419 0.383794
vn 0.000000 0.923582 0.383400
vn 0.000000 0.707144 0.707070
vn 0.000000 0.707200 -0.707013
vn 0.000000 0.707144 -0.707070
vn 0.000000 0.383920 -0.923366
vn 0.000000 0.383450 -0.923562
vn 0.000000 0.000000 -1.000000
vn -0.000000 -0.000000 -1.000000
vn -0.000000 -0.383450 -0.923562
vn -0.000000 -0.383920 -0.923366
vn -0.000000 -0.707144 -0.707070
vn -0.000000 -0.707200 -0.707013
vn -0.000000 -0.923419 -0.383794
vn -0.000000 -1.000000 -0.000000
vn -0.000000 -1.000000 -0.000000
vn -0.000000 -0.923582 -0.383400
vn 0.000000 -0.923582 0.383400
vn 0.000000 -0.923419 0.383794
vn 0.000000 -0.707200 0.707013
vn 0.000000 -0.707144 0.707070
vn 0.000000 -0.383920 0.923366
vn 0.000000 -0.383450 0.923562
vn 0.000000 0.000000 1.000000
vn 0.000000 -0.000000 1.000000
vn 0.000000 0.383450 0.923562
vn 0.000000 0.383920 0.923366
vn 0.000000 0.707200 0.707013
vn 0.000000 0.383450 -0.923562
vn -0.000000 -0.000000 -1.000000
vn 0.000000 0.000000 -1.000000
vn -0.000000 -0.383450 -0.923562
vn -0.000000 -0.383920 -0.923366
vn -0.000000 -0.707144 -0.707070
vn -0.000000 -0.707200 -0.707013
vn -0.000000 -0.923582 -0.383400
vn -0.000000 -0.923419 -0.383794
vn -0.000000 -1.000000 -0.000000
vn -0.000000 -1.000000 -0.000000
vn 0.000000 -0.923582 0.383400
vn 0.000000 -0.923419 0.383794
vn 0.000000 -0.707144 0.707070
vn 0.000000 -0.707200 0.707013
vn 0.000000 -0.383920 0.923366
vn 0.000000 -0.383450 0.923562
vn 0.000000 0.000000 1.000000
vn 0.000000 -0.000000 1.000000
vn 0.000000 0.383450 0.923562
vn 0.000000 0.383920 0.923366
vn 0.000000 0.707144 0.707070
vn 0.000000 0.707200 0.707013
vn 0.000000 0.923582 0.383400
vn 0.000000 0.923419 0.383794
vn 0.000000 1.000000 0.000000
vn 0.000000 1.000000 0.000000
vn 0.000000 0.923582 -0.383400
vn 0.000000 0.923419 -0.383794
vn 0.000000 0.707144 -0.707070
vn 0.000000 0.707200 -0.707013
vn 0.000000 0.383920 -0.923366
vn 0.957459 0.288568 -0.000000
vn 0.986361 0.164595 -0.000000
vn 0.949918 0.312500 -0.000000
vn 0.879474 0.475947 -0.000000
vn 0.879474 0.475947 -0.000000
vn 0.677282 0.735724 -0.000000
vn 0.677282 0.735724 -0.000000
vn 0.401695 0.915773 -0.000000
vn 0.401695 0.915773 -0.000000
vn 0.082579 0.996584 -0.000000
vn 0.082579 0.996584 -0.000000
vn -0.245485 0.969400 0.000000
vn -0.245485 0.969400 0.000000
vn -0.546948 0.837166 0.000000
vn -0.546948 0.837166 0.000000
vn -0.789141 0.614213 0.000000
vn -0.789141 0.614213 0.000000
vn -0.945817 0.324699 0.000000
vn -0.945817 0.324699 0.000000
vn -0.949918 0.312500 0.000000
vn -0.949918 0.312500 0.000000
vn -0.957459 0.288568 0.000000
vn -0.975274 0.221000 0.000000
vn -0.992777 0.119975 0.000000
vn -1.000000 0.000000 0.000000
vn -1.000000 0.000000 0.000000
vn -0.992777 -0.119975 0.000000
vn -0.945817 -0.324699 0.000000
vn -0.975274 -0.221000 0.000000
vn -0.957459 -0.288568 0.000000
vn -0.949918 -0.312500 0.000000
vn -0.945817 -0.324699 0.000000
vn -0.957459 -0.288568 0.000000
vn -0.975274 -0.221000 0.000000
vn -0.992777 -0.119975 0.000000
vn -1.000000 -0.000000 0.000000
vn -1.000000 -0.000000 0.000000
vn -0.992777 0.119975 0.000000
vn -0.975274 0.221000 0.000000
vn -0.957459 0.288568 0.000000
vn 0.975274 0.221000 -0.000000
vn 0.992777 0.119975 -0.000000
vn 1.000000 0.000000 -0.000000
vn 0.986361 -0.164595 0.000000
vn 0.992777 -0.119975 0.000000
vn 0.975274 -0.221000 0.000000
vn 0.957459 -0.288568 0.000000
vn 0.879474 -0.475947 0.000000
vn 0.949918 -0.312500 0.000000
vn 0.879474 -0.475947 0.000000
vn 0.949918 -0.312500 0.000000
vn 0.949918 -0.312500 0.000000
vn 0.986361 -0.164595 0.000000
vn 0.986361 -0.164595 0.000000
vn 0.986361 0.164595 -0.000000
vn 0.986361 0.164595 -0.000000
vn 0.879474 0.475947 -0.000000
vn 0.949918 0.312500 -0.000000
vn 0.879474 0.475947 -0.000000
vn 0.986361 0.164595 -0.000000
vn 0.957459 -0.288568 0.000000
vn 0.975274 -0.221000 0.000000
vn 0.986361 -0.164595 0.000000
vn 0.992777 -0.119975 0.000000
vn 1.000000 0.000000 -0.000000
vn 0.986361 0.164595 -0.000000
vn 0.992777 0.119975 -0.000000
vn 0.975274 0.221000 -0.000000
vn 0.957459 0.288568 -0.000000
vn -0.957459 0.288568 0.000000
vn -0.949918 0.312500 0.000000
vn -0.949918 0.312500 0.000000
vn -0.945817 0.324699 0.000000
vn -0.945817 0.324699 0.000000
vn -0.789141 0.614213 0.000000
vn -0.789141 0.614213 0.000000
vn -0.546948 0.837166 0.000000
vn -0.546948 0.837166 0.000000
vn -0.245485 0.969400 0.000000
vn -0.245485 0.969400 0.000000
vn 0.082579 0.996584 -0.000000
vn 0.082579 0.996584 -0.000000
vn 0.401695 0.915773 -0.000000
vn 0.401695 0.915773 -0.000000
vn 0.677282 0.735724 -0.000000
vn -0.975274 0.221000 0.000000
vn -0.992777 0.119975 0.000000
vn -1.000000 0.000000 0.000000
vn -1.000000 0.000000 0.000000
vn -0.992777 -0.119975 0.000000
vn -0.945817 -0.324699 0.000000
vn -0.975274 -0.221000 0.000000
vn -0.957459 -0.288568 0.000000
vn -0.949918 -0.312500 0.000000
vn -0.945817 -0.324699 0.000000
vn -0.789141 -0.614213 0.000000
vn -0.789141 -0.614213 0.000000
vn -0.546948 -0.837166 0.000000
vn -0.546948 -0.837166 0.000000
vn -0.245485 -0.969400 0.000000
vn -0.245485 -0.969400 0.000000
vn 0.082579 -0.996584 0.000000
vn 0.082579 -0.996584 0.000000
vn 0.401695 -0.915773 0.000000
vn 0.401695 -0.915773 0.000000
vn 0.677282 -0.735724 0.000000
vn 0.677282 -0.735724 0.000000
vn -0.957459 -0.288568 0.000000
vn -0.975274 -0.221000 0.000000
vn -0.992777 -0.119975 0.000000
vn -1.000000 -0.000000 0.000000
vn -1.000000 -0.000000 0.000000
vn -0.992777 0.119975 0.000000
vn -0.975274 0.221000 0.000000
vn -0.957459 0.288568 0.000000
vn 0.957459 0.288568 -0.000000
vn 0.975274 0.221000 -0.000000
vn 0.992777 0.119975 -0.000000
vn 1.000000 0.000000 -0.000000
vn 0.986361 -0.164595 0.000000
vn 0.949918 -0.312500 0.000000
vn 0.879474 -0.475947 0.000000
vn 0.992777 -0.119975 0.000000
vn 0.975274 -0.221000 0.000000
vn 0.949918 -0.312500 0.000000
vn 0.957459 -0.288568 0.000000
vn 0.949918 -0.312500 0.000000
vn 0.957459 -0.288568 0.000000
vn 0.879474 -0.475947 0.000000
vn 0.879474 -0.475947 0.000000
vn 0.879474 -0.475947 0.000000
vn 0.986361 -0.164595 0.000000
vn 0.975274 -0.221000 0.000000
vn 0.992777 -0.119975 0.000000
vn 1.000000 0.000000 -0.000000
vn 0.992777 0.119975 -0.000000
vn 0.975274 0.221000 -0.000000
vn 0.957459 0.288568 -0.000000
vn 0.082579 0.996584 -0.000000
vn 0.401695 0.915773 -0.000000
vn 0.677282 0.735724 -0.000000
vn 0.879474 0.475947 -0.000000
vn 0.401695 0.915773 -0.000000
vn 0.677282 0.735724 -0.000000
vn 0.879474 0.475947 -0.000000
vn 0.986361 0.164595 -0.000000
vn 0.677282 0.735724 -0.000000
vn 0.677282 -0.735724 0.000000
vn 0.677282 -0.735724 0.000000
vn 0.401695 -0.915773 0.000000
vn 0.401695 -0.915773 0.000000
vn 0.082579 -0.996584 0.000000
vn 0.082579 -0.996584 0.000000
vn -0.245485 -0.969400 0.000000
vn -0.245485 -0.969400 0.000000
vn -0.546948 -0.837166 0.000000
vn -0.546948 -0.837166 0.000000
vn -0.789141 -0.614213 0.000000
vn -0.789141 -0.614213 0.000000
vn -1.000000 -0.000000 0.000000
vn -0.945817 -0.324699 0.000000
vn -0.789141 -0.614213 0.000000
vn -0.546948 -0.837166 0.000000
vn -0.245485 -0.969400 0.000000
vn 0.082579 -0.996584 0.000000
vn 0.401695 -0.915773 0.000000
vn 0.677282 -0.735724 0.000000
vn -1.000000 -0.000000 0.000000
vn -0.945817 -0.324699 0.000000
vn -0.789141 -0.614213 0.000000
vn -0.546948 -0.837166 0.000000
vn -0.245485 -0.969400 0.000000
vn 0.082579 -0.996584 0.000000
vn 0.401695 -0.915773 0.000000
vn 0.677282 -0.735724 0.000000
vn -0.949918 0.312500 0.000000
vn -0.945817 0.324699 0.000000
vn -0.789141 0.614213 0.000000
vn -0.546948 0.837166 0.000000
vn -0.245485 0.969400 0.000000
vn -0.949918 0.312500 0.000000
vn -0.945817 0.324699 0.000000
vn -0.789141 0.614213 0.000000
vn -0.546948 0.837166 0.000000
vn -0.245485 0.969400 0.000000
vn 0.082579 0.996584 -0.000000
vn -0.995395 0.095863 -0.000000
vn -0.988831 0.149042 -0.000000
vn -1.000000 -0.000000 0.000000
vn -0.988831 -0.149042 0.000000
vn -0.995395 -0.095863 0.000000
vn -0.984249 -0.176786 0.000000
vn -0.972979 -0.230896 0.000000
vn -0.968246 -0.250000 0.000000
vn -0.900969 -0.433884 0.000000
vn -0.900969 -0.433884 0.000000
vn -0.733052 -0.680173 0.000000
vn -0.733052 -0.680173 0.000000
vn -0.500000 -0.866025 0.000000
vn -0.500000 -0.866025 0.000000
vn -0.222521 -0.974928 0.000000
vn -0.222521 -0.974928 0.000000
vn 0.074730 -0.997204 -0.000000
vn 0.074730 -0.997204 -0.000000
vn 0.365341 -0.930874 -0.000000
vn 0.365341 -0.930874 -0.000000
vn 0.623490 -0.781831 -0.000000
vn 0.623490 -0.781831 -0.000000
vn 0.826239 -0.563320 -0.000000
vn 0.826239 -0.563320 -0.000000
vn 0.955573 -0.294755 -0.000000
vn 0.955573 -0.294755 -0.000000
vn 0.968246 -0.250000 -0.000000
vn 0.968246 -0.250000 -0.000000
vn 0.972979 -0.230896 -0.000000
vn 0.984249 -0.176786 -0.000000
vn 0.995395 -0.095863 -0.000000
vn 1.000000 -0.000000 -0.000000
vn 1.000000 -0.000000 -0.000000
vn 0.995395 0.095863 -0.000000
vn 0.984249 0.176786 -0.000000
vn 0.955573 0.294755 -0.000000
vn 0.972979 0.230896 -0.000000
vn 0.968246 0.250000 -0.000000
vn 0.955573 0.294755 -0.000000
vn 0.972979 0.230896 -0.000000
vn 0.984249 0.176786 -0.000000
vn 1.000000 0.000000 -0.000000
vn 0.995395 0.095863 -0.000000
vn 1.000000 0.000000 -0.000000
vn 0.995395 -0.095863 -0.000000
vn 0.984249 -0.176786 -0.000000
vn 0.972979 -0.230896 -0.000000
vn -0.984249 0.176786 -0.000000
vn -0.968246 0.250000 -0.000000
vn -0.968246 0.250000 -0.000000
vn -0.900969 0.433884 -0.000000
vn -0.900969 0.433884 -0.000000
vn -0.733052 0.680173 -0.000000
vn -0.733052 0.680173 -0.000000
vn -0.500000 0.866025 -0.000000
vn -0.500000 0.866025 -0.000000
vn -0.222521 0.974928 -0.000000
vn -0.222521 0.974928 -0.000000
vn 0.074730 0.997204 -0.000000
vn 0.074730 0.997204 -0.000000
vn 0.365341 0.930874 -0.000000
vn 0.365341 0.930874 -0.000000
vn 0.623490 0.781831 -0.000000
vn 0.623490 0.781831 -0.000000
vn 0.826239 0.563320 -0.000000
vn 0.826239 0.563320 -0.000000
vn 0.955573 0.294755 -0.000000
vn 0.955573 0.294755 -0.000000
vn 0.968246 0.250000 -0.000000
vn 0.972979 0.230896 -0.000000
vn 0.984249 0.176786 -0.000000
vn 1.000000 0.000000 -0.000000
vn 0.995395 0.095863 -0.000000
vn 1.000000 0.000000 -0.000000
vn 0.995395 -0.095863 -0.000000
vn 0.968246 -0.250000 -0.000000
vn 0.984249 -0.176786 -0.000000
vn 0.972979 -0.230896 -0.000000
vn 0.968246 -0.250000 -0.000000
vn 0.955573 -0.294755 -0.000000
vn 0.955573 -0.294755 -0.000000
vn 0.826239 -0.563320 -0.000000
vn 0.826239 -0.563320 -0.000000
vn 0.623490 -0.781831 -0.000000
vn 0.623490 -0.781831 -0.000000
vn 0.365341 -0.930874 -0.000000
vn 0.365341 -0.930874 -0.000000
vn 0.074730 -0.997204 -0.000000
vn 0.074730 -0.997204 -0.000000
vn -0.222521 -0.974928 0.000000
vn -0.222521 -0.974928 0.000000
vn -0.500000 -0.866025 0.000000
vn -0.500000 -0.866025 0.000000
vn -0.733052 -0.680173 0.000000
vn -0.733052 -0.680173 0.000000
vn -0.900969 -0.433884 0.000000
vn -0.900969 -0.433884 0.000000
vn -0.968246 -0.250000 0.000000
vn -0.988831 -0.149042 0.000000
vn -0.972979 -0.230896 0.000000
vn -0.984249 -0.176786 0.000000
vn -0.995395 -0.095863 0.000000
vn -1.000000 -0.000000 0.000000
vn -0.988831 0.149042 -0.000000
vn -0.995395 0.095863 -0.000000
vn -0.984249 0.176786 -0.000000
vn -0.968246 0.250000 -0.000000
vn -0.972979 0.230896 -0.000000
vn -0.968246 0.250000 -0.000000
vn -0.900969 0.433884 -0.000000
vn -0.900969 0.433884 -0.000000
vn -0.733052 0.680173 -0.000000
vn -0.972979 0.230896 -0.000000
vn -0.968246 0.250000 -0.000000
vn -0.900969 0.433884 -0.000000
vn -0.900969 0.433884 -0.000000
vn -0.733052 0.680173 -0.000000
vn -0.733052 0.680173 -0.000000
vn -0.500000 0.866025 -0.000000
vn -0.500000 0.866025 -0.000000
vn -0.222521 0.974928 -0.000000
vn -0.222521 0.974928 -0.000000
vn 0.074730 0.997204 -0.000000
vn 0.074730 0.997204 -0.000000
vn 0.365341 0.930874 -0.000000
vn 0.365341 0.930874 -0.000000
vn 0.623490 0.781831 -0.000000
vn 0.623490 0.781831 -0.000000
vn 0.826239 0.563320 -0.000000
vn 0.826239 0.563320 -0.000000
vn -0.972979 0.230896 -0.000000
vn -0.988831 0.149042 -0.000000
vn -0.984249 0.176786 -0.000000
vn -0.995395 0.095863 -0.000000
vn -1.000000 -0.000000 0.000000
vn -0.988831 -0.149042 0.000000
vn -0.995395 -0.095863 0.000000
vn -0.984249 -0.176786 0.000000
vn -0.972979 -0.230896 0.000000
vn -0.995395 0.095863 -0.000000
vn -0.988831 0.149042 -0.000000
vn -1.000000 -0.000000 0.000000
vn -0.988831 -0.149042 0.000000
vn -0.995395 -0.095863 0.000000
vn -0.984249 -0.176786 0.000000
vn -0.972979 -0.230896 0.000000
vn -0.984249 0.176786 -0.000000
vn -0.972979 0.230896 -0.000000
vn 0.972979 0.230896 -0.000000
vn 0.984249 0.176786 -0.000000
vn 1.000000 0.000000 -0.000000
vn 0.995395 0.095863 -0.000000
vn 1.000000 0.000000 -0.000000
vn 0.995395 -0.095863 -0.000000
vn 0.984249 -0.176786 -0.000000
vn 0.972979 -0.230896 -0.000000
vn 1.000000 -0.000000 -0.000000
vn 0.968246 -0.250000 -0.000000
vn 0.955573 -0.294755 -0.000000
vn 0.826239 -0.563320 -0.000000
vn 0.623490 -0.781831 -0.000000
vn 0.365341 -0.930874 -0.000000
vn 0.074730 -0.997204 -0.000000
vn -0.222521 -0.974928 0.000000
vn -0.500000 -0.866025 0.000000
vn -0.733052 -0.680173 0.000000
vn -0.900969 -0.433884 0.000000
vn -0.988831 -0.149042 0.000000
vn -0.988831 0.149042 -0.000000
vn -0.968246 0.250000 -0.000000
vn 1.000000 -0.000000 -0.000000
vn 0.968246 -0.250000 -0.000000
vn 0.955573 -0.294755 -0.000000
vn 0.826239 -0.563320 -0.000000
vn 0.623490 -0.781831 -0.000000
vn 0.365341 -0.930874 -0.000000
vn 0.074730 -0.997204 -0.000000
vn -0.222521 -0.974928 0.000000
vn -0.500000 -0.866025 0.000000
vn -0.733052 -0.680173 0.000000
vn -0.900969 -0.433884 0.000000
vn -0.988831 -0.149042 0.000000
vn -0.988831 0.149042 -0.000000
vn 0.955573 0.294755 -0.000000
vn 0.826239 0.563320 -0.000000
vn 0.623490 0.781831 -0.000000
vn 0.365341 0.930874 -0.000000
vn 0.074730 0.997204 -0.000000
vn -0.222521 0.974928 -0.000000
vn -0.500000 0.866025 -0.000000
vn 0.955573 0.294755 -0.000000
vn 0.826239 0.563320 -0.000000
vn 0.623490 0.781831 -0.000000
vn 0.365341 0.930874 -0.000000
vn 0.074730 0.997204 -0.000000
vn -0.222521 0.974928 -0.000000
vn -0.500000 0.866025 -0.000000
vn -0.733052 0.680173 -0.000000
vn 0.000000 0.000000 1.000000
vn 0.000000 0.000000 1.000000
vn 0.000000 0.000000 1.000000
vn 0.000000 0.000000 1.000000
vn 0.000000 0.000000 1.000000
vn 0.000000 0.000000 1.000000
vn 0.000000 0.000000 1.000000
vn 0.000000 0.000000 1.000000
vn 0.000000 0.000000 1.000000
vn 0.000000 0.000000 1.000000
vn 0.000000 0.000000 1.000000
vn 0.000000 0.000000 1.000000
vn 0.000000 0.000000 1.000000
vn 0.000000 0.000000 1.000000
vn 0.000000 0.000000 1.000000
vn 0.000000 0.000000 1.000000
vn 0.000000 0.000000 1.000000
vn 0.000000 0.000000 1.000000
vn 0.000000 0.000000 1.000000
vn 0.000000 0.000000 1.000000
vn 0.000000 0.000000 1.000000
vn 0.000000 0.000000 1.000000
vn 0.000000 0.000000 1.000000
vn 0.000000 0.000000 1.000000
vn 0.000000 0.000000 1.000000
vn 0.000000 0.000000 1.000000
vn 0.000000 0.000000 1.000000
vn 0.000000 0.000000 1.000000
vn 0.000000 0.000000 1.000000
vn 0.000000 0.000000 1.000000
vn 0.000000 0.000000 1.000000
vn 0.000000 0.000000 1.000000
vn 0.000000 0.000000 1.000000
vn 0.000000 0.000000 1.000000
vn 0.000000 0.000000 1.000000
vn 0.000000 0.000000 1.000000
vn 0.000000 0.000000 1.000000
vn 0.000000 0.000000 1.000000
vn 0.000000 0.000000 1.000000
vn 0.000000 0.000000 1.000000
vn -0.000000 -0.000000 -1.000000
vn -0.000000 -0.000000 -1.000000
vn -0.000000 -0.000000 -1.000000
vn -0.000000 -0.000000 -1.000000
vn -0.000000 -0.000000 -1.000000
vn -0.000000 -0.000000 -1.000000
vn -0.000000 -0.000000 -1.000000
vn -0.000000 -0.000000 -1.000000
vn -0.000000 -0.000000 -1.000000
vn -0.000000 -0.000000 -1.000000
vn -0.000000 -0.000000 -1.000000
vn -0.000000 -0.000000 -1.000000
vn -0.000000 -0.000000 -1.000000
vn -0.000000 -0.000000 -1.000000
vn -0.000000 -0.000000 -1.000000
vn -0.000000 -0.000000 -1.000000
vn -0.000000 -0.000000 -1.000000
vn -0.000000 -0.000000 -1.000000
vn -0.000000 -0.000000 -1.000000
vn -0.000000 -0.000000 -1.000000
vn -0.000000 -0.000000 -1.000000
vn -0.000000 -0.000000 -1.000000
vn -0.000000 -0.000000 -1.000000
vn -0.000000 -0.000000 -1.000000
vn -0.000000 -0.000000 -1.000000
vn -0.000000 -0.000000 -1.000000
vn -0.000000 -0.000000 -1.000000
vn -0.000000 -0.000000 -1.000000
vn -0.000000 -0.000000 -1.000000
vn -0.000000 -0.000000 -1.000000
vn -0.000000 -0.000000 -1.000000
vn -0.000000 -0.000000 -1.000000
vn -0.000000 -0.000000 -1.000000
vn -0.000000 -0.000000 -1.000000
vn -0.000000 -0.000000 -1.000000
vn -0.000000 -0.000000 -1.000000
vn -0.000000 -0.000000 -1.000000
vn -0.000000 -0.000000 -1.000000
vn -0.000000 -0.000000 -1.000000
vn -0.000000 -0.000000 -1.000000
usemtl Steel_-_Satin
f 12/1/1 1/2/2 27/3/3
f 27/3/3 1/2/2 2/4/4
f 27/3/3 2/4/4 26/5/5
f 26/5/5 2/4/4 3/6/6
f 26/5/5 3/6/6 25/7/7
f 25/7/7 3/6/6 34/8/8
f 25/7/7 34/8/8 35/9/9
f 35/9/9 34/8/8 37/10/10
f 35/9/9 37/10/10 14/11/11
f 3/6/6 4/12/12 34/8/8
f 34/8/8 4/12/12 36/13/13
f 34/8/8 36/13/13 37/10/10
f 37/10/10 36/13/13 44/14/14
f 37/10/10 44/14/14 14/15/11
f 4/12/12 5/16/15 36/13/13
f 36/13/13 5/16/15 43/17/16
f 36/13/13 43/17/16 44/14/14
f 44/14/14 43/17/16 77/18/17
f 44/14/14 77/18/17 14/19/11
f 43/17/16 5/16/15 42/20/18
f 42/20/18 5/16/15 6/21/19
f 42/20/18 6/21/19 41/22/20
f 41/22/20 6/21/19 7/23/21
f 41/22/20 7/23/21 8/24/22
f 41/22/20 8/24/22 40/25/23
f 40/25/23 8/24/22 9/26/24
f 40/25/23 9/26/24 39/27/25
f 39/27/25 9/26/24 45/28/26
f 39/27/25 45/28/26 46/29/27
f 46/29/27 45/28/26 48/30/28
f 46/29/27 48/30/28 13/31/29
f 9/26/24 10/32/30 45/28/26
f 45/28/26 10/32/30 47/33/31
f 45/28/26 47/33/31 48/30/28
f 48/30/28 47/33/31 32/34/32
f 48/30/28 32/34/32 31/35/33
f 31/35/33 32/34/32 29/36/34
f 31/35/33 29/36/34 30/37/35
f 30/37/35 29/36/34 69/38/36
f 30/37/35 69/38/36 13/39/29
f 10/32/30 11/40/37 47/33/31
f 47/33/31 11/40/37 32/34/32
f 32/34/32 11/40/37 33/41/38
f 33/41/38 11/40/37 12/1/1
f 33/41/38 12/1/1 28/42/39
f 28/42/39 12/1/1 27/3/3
f 28/42/39 27/3/3 67/43/40
f 67/43/40 27/3/3 66/44/41
f 67/43/40 66/44/41 88/45/42
f 88/45/42 66/44/41 87/46/43
f 88/45/42 87/46/43 109/47/44
f 109/47/44 87/46/43 108/48/45
f 109/47/44 108/48/45 116/49/46
f 116/49/46 108/48/45 115/50/47
f 116/49/46 115/50/47 51/51/48
f 51/51/48 115/50/47 52/52/49
f 51/51/48 52/52/49 19/53/50
f 19/53/50 52/52/49 20/54/51
f 19/55/50 20/56/51 60/57/52
f 60/57/52 20/56/51 59/58/53
f 60/57/52 59/58/53 95/59/54
f 95/59/54 59/58/53 94/60/55
f 95/59/54 94/60/55 102/61/56
f 102/61/56 94/60/55 101/62/57
f 102/61/56 101/62/57 72/63/58
f 72/63/58 101/62/57 73/64/59
f 72/63/58 73/64/59 81/65/60
f 81/65/60 73/64/59 80/66/61
f 81/65/60 80/66/61 40/25/23
f 40/25/23 80/66/61 41/22/20
f 19/55/50 60/57/52 15/67/62
f 15/67/62 60/57/52 61/68/63
f 15/67/62 61/68/63 18/69/64
f 18/69/64 61/68/63 62/70/65
f 18/69/64 62/70/65 17/71/66
f 17/71/66 62/70/65 13/72/29
f 15/73/62 18/74/64 50/75/67
f 50/75/67 18/74/64 17/76/66
f 50/75/67 17/76/66 49/77/68
f 49/77/68 17/76/66 13/78/29
f 16/79/69 22/80/70 57/81/71
f 57/81/71 22/80/70 23/82/72
f 57/81/71 23/82/72 56/83/73
f 56/83/73 23/82/72 14/84/11
f 16/85/69 21/86/74 53/87/75
f 53/87/75 21/86/74 20/54/51
f 53/87/75 20/54/51 52/52/49
f 56/83/73 14/88/11 91/89/76
f 91/89/76 14/90/11 98/91/77
f 98/91/77 14/92/11 76/93/78
f 76/93/78 14/94/11 77/18/17
f 35/9/9 14/95/11 24/96/79
f 24/96/79 14/97/11 63/98/80
f 84/99/81 14/100/11 105/101/82
f 105/101/82 14/102/11 112/103/83
f 112/103/83 14/104/11 55/105/84
f 55/105/84 14/106/11 23/107/72
f 49/77/68 13/108/29 118/109/85
f 118/109/85 13/110/29 111/111/86
f 111/111/86 13/112/29 90/113/87
f 90/113/87 13/114/29 69/38/36
f 46/29/27 13/115/29 38/116/88
f 38/116/88 13/117/29 83/118/89
f 70/119/90 13/120/29 104/121/91
f 104/121/91 13/122/29 97/123/92
f 97/123/92 13/124/29 62/70/65
f 19/53/50 15/73/62 51/51/48
f 51/51/48 15/73/62 50/75/67
f 51/51/48 50/75/67 116/49/46
f 116/49/46 50/75/67 117/125/93
f 116/49/46 117/125/93 109/47/44
f 109/47/44 117/125/93 110/126/94
f 109/47/44 110/126/94 88/45/42
f 88/45/42 110/126/94 89/127/95
f 88/45/42 89/127/95 67/43/40
f 67/43/40 89/127/95 68/128/96
f 67/43/40 68/128/96 28/42/39
f 28/42/39 68/128/96 29/36/34
f 28/42/39 29/36/34 32/34/32
f 20/56/51 21/129/74 59/58/53
f 59/58/53 21/129/74 58/130/97
f 59/58/53 58/130/97 94/60/55
f 94/60/55 58/130/97 93/131/98
f 94/60/55 93/131/98 101/62/57
f 101/62/57 93/131/98 100/132/99
f 101/62/57 100/132/99 73/64/59
f 73/64/59 100/132/99 74/133/100
f 73/64/59 74/133/100 80/66/61
f 80/66/61 74/133/100 79/134/101
f 80/66/61 79/134/101 41/22/20
f 41/22/20 79/134/101 42/20/18
f 21/129/74 16/79/69 58/130/97
f 58/130/97 16/79/69 57/81/71
f 58/130/97 57/81/71 93/131/98
f 93/131/98 57/81/71 92/135/102
f 93/131/98 92/135/102 100/132/99
f 100/132/99 92/135/102 99/136/103
f 100/132/99 99/136/103 74/133/100
f 74/133/100 99/136/103 75/137/104
f 74/133/100 75/137/104 79/134/101
f 79/134/101 75/137/104 78/138/105
f 79/134/101 78/138/105 42/20/18
f 42/20/18 78/138/105 43/17/16
f 55/105/84 23/107/72 22/139/70
f 22/139/70 16/85/69 54/140/106
f 54/140/106 16/85/69 53/87/75
f 54/140/106 53/87/75 113/141/107
f 113/141/107 53/87/75 114/142/108
f 113/141/107 114/142/108 106/143/109
f 106/143/109 114/142/108 107/144/110
f 106/143/109 107/144/110 85/145/111
f 85/145/111 107/144/110 86/146/112
f 85/145/111 86/146/112 64/147/113
f 64/147/113 86/146/112 65/148/114
f 64/147/113 65/148/114 25/7/7
f 25/7/7 65/148/114 26/5/5
f 48/30/28 31/35/33 13/149/29
f 13/149/29 31/35/33 30/37/35
f 63/98/80 14/150/11 84/99/81
f 83/118/89 13/151/29 70/119/90
f 64/147/113 25/7/7 24/96/79
f 24/96/79 25/7/7 35/9/9
f 64/147/113 24/96/79 63/98/80
f 66/44/41 27/3/3 26/5/5
f 66/44/41 26/5/5 65/148/114
f 33/41/38 28/42/39 32/34/32
f 69/38/36 29/36/34 68/128/96
f 46/29/27 38/116/88 39/27/25
f 39/27/25 38/116/88 82/152/115
f 39/27/25 82/152/115 81/65/60
f 81/65/60 82/152/115 72/63/58
f 82/152/115 38/116/88 83/118/89
f 81/65/60 40/25/23 39/27/25
f 77/18/17 43/17/16 78/138/105
f 117/125/93 50/75/67 49/77/68
f 117/125/93 49/77/68 118/109/85
f 114/142/108 53/87/75 52/52/49
f 114/142/108 52/52/49 115/50/47
f 112/103/83 55/105/84 54/140/106
f 54/140/106 55/105/84 22/139/70
f 112/103/83 54/140/106 113/141/107
f 92/135/102 57/81/71 56/83/73
f 92/135/102 56/83/73 91/89/76
f 97/123/92 62/70/65 61/68/63
f 61/68/63 60/57/52 96/153/116
f 96/153/116 60/57/52 95/59/54
f 96/153/116 95/59/54 103/154/117
f 103/154/117 95/59/54 102/61/56
f 103/154/117 102/61/56 71/155/118
f 71/155/118 102/61/56 72/63/58
f 71/155/118 72/63/58 82/152/115
f 85/145/111 64/147/113 63/98/80
f 85/145/111 63/98/80 84/99/81
f 87/46/43 66/44/41 65/148/114
f 87/46/43 65/148/114 86/146/112
f 90/113/87 69/38/36 68/128/96
f 90/113/87 68/128/96 89/127/95
f 82/152/115 83/118/89 71/155/118
f 71/155/118 83/118/89 70/119/90
f 71/155/118 70/119/90 103/154/117
f 103/154/117 70/119/90 104/121/91
f 103/154/117 104/121/91 96/153/116
f 96/153/116 104/121/91 97/123/92
f 96/153/116 97/123/92 61/68/63
f 77/18/17 78/138/105 76/93/78
f 76/93/78 78/138/105 75/137/104
f 76/93/78 75/137/104 98/91/77
f 98/91/77 75/137/104 99/136/103
f 98/91/77 99/136/103 91/89/76
f 91/89/76 99/136/103 92/135/102
f 106/143/109 85/145/111 84/99/81
f 106/143/109 84/99/81 105/101/82
f 108/48/45 87/46/43 86/146/112
f 108/48/45 86/146/112 107/144/110
f 111/111/86 90/113/87 89/127/95
f 111/111/86 89/127/95 110/126/94
f 113/141/107 106/143/109 105/101/82
f 113/141/107 105/101/82 112/103/83
f 115/50/47 108/48/45 107/144/110
f 115/50/47 107/144/110 114/142/108
f 118/109/85 111/111/86 110/126/94
f 118/109/85 110/126/94 117/125/93
f 130/156/119 119/157/120 145/158/121
f 145/158/121 119/157/120 120/159/122
f 145/158/121 120/159/122 144/160/123
f 144/160/123 120/159/122 121/161/124
f 144/160/123 121/161/124 143/162/125
f 143/162/125 121/161/124 151/163/126
f 143/162/125 151/163/126 152/164/127
f 152/164/127 151/163/126 154/165/128
f 152/164/127 154/165/128 131/166/129
f 121/161/124 122/167/130 151/163/126
f 151/163/126 122/167/130 153/168/131
f 151/163/126 153/168/131 154/165/128
f 154/165/128 153/168/131 157/169/132
f 154/165/128 157/169/132 158/170/133
f 158/170/133 157/169/132 163/171/134
f 158/170/133 163/171/134 164/172/135
f 164/172/135 163/171/134 187/173/136
f 164/172/135 187/173/136 131/174/129
f 122/167/130 123/175/137 153/168/131
f 153/168/131 123/175/137 157/169/132
f 157/169/132 123/175/137 155/176/138
f 155/176/138 123/175/137 124/177/139
f 155/176/138 124/177/139 162/178/140
f 162/178/140 124/177/139 156/179/141
f 162/178/140 156/179/141 185/180/142
f 185/180/142 156/179/141 184/181/143
f 185/180/142 184/181/143 206/182/144
f 206/182/144 184/181/143 205/183/145
f 206/182/144 205/183/145 227/184/146
f 227/184/146 205/183/145 226/185/147
f 227/184/146 226/185/147 234/186/148
f 234/186/148 226/185/147 233/187/149
f 234/186/148 233/187/149 169/188/150
f 169/188/150 233/187/149 170/189/151
f 169/188/150 170/189/151 137/190/152
f 137/190/152 170/189/151 138/191/153
f 137/192/152 138/193/153 178/194/154
f 178/194/154 138/193/153 177/195/155
f 178/194/154 177/195/155 213/196/156
f 213/196/156 177/195/155 212/197/157
f 213/196/156 212/197/157 220/198/158
f 220/198/158 212/197/157 219/199/159
f 220/198/158 219/199/159 190/200/160
f 190/200/160 219/199/159 191/201/161
f 190/200/160 191/201/161 199/202/162
f 199/202/162 191/201/161 198/203/163
f 199/202/162 198/203/163 144/160/123
f 144/160/123 198/203/163 145/158/121
f 124/177/139 125/204/164 156/179/141
f 156/179/141 125/204/164 126/205/165
f 156/179/141 126/205/165 161/206/166
f 161/206/166 126/205/165 127/207/167
f 161/206/166 127/207/167 160/208/168
f 160/208/168 127/207/167 165/209/169
f 160/208/168 165/209/169 166/210/170
f 166/210/170 165/209/169 149/211/171
f 166/210/170 149/211/171 132/212/172
f 127/207/167 128/213/173 165/209/169
f 165/209/169 128/213/173 150/214/174
f 165/209/169 150/214/174 149/211/171
f 149/211/171 150/214/174 148/215/175
f 149/211/171 148/215/175 132/216/172
f 128/213/173 129/217/176 150/214/174
f 150/214/174 129/217/176 147/218/177
f 150/214/174 147/218/177 148/215/175
f 148/215/175 147/218/177 195/219/178
f 148/215/175 195/219/178 132/220/172
f 147/218/177 129/217/176 146/221/179
f 146/221/179 129/217/176 130/156/119
f 146/221/179 130/156/119 145/158/121
f 137/192/152 178/194/154 133/222/180
f 133/222/180 178/194/154 179/223/181
f 133/222/180 179/223/181 136/224/182
f 136/224/182 179/223/181 180/225/183
f 136/224/182 180/225/183 135/226/184
f 135/226/184 180/225/183 131/227/129
f 133/228/180 136/229/182 168/230/185
f 168/230/185 136/229/182 135/231/184
f 168/230/185 135/231/184 167/232/186
f 167/232/186 135/231/184 131/233/129
f 134/234/187 140/235/188 175/236/189
f 175/236/189 140/235/188 141/237/190
f 175/236/189 141/237/190 174/238/191
f 174/238/191 141/237/190 132/239/172
f 134/240/187 139/241/192 171/242/193
f 171/242/193 139/241/192 138/191/153
f 171/242/193 138/191/153 170/189/151
f 174/238/191 132/243/172 209/244/194
f 209/244/194 132/245/172 216/246/195
f 216/246/195 132/247/172 194/248/196
f 194/248/196 132/249/172 195/219/178
f 166/210/170 132/250/172 159/251/197
f 159/251/197 132/252/172 181/253/198
f 202/254/199 132/255/172 223/256/200
f 223/256/200 132/257/172 230/258/201
f 230/258/201 132/259/172 173/260/202
f 173/260/202 132/261/172 141/262/190
f 167/232/186 131/263/129 236/264/203
f 236/264/203 131/265/129 229/266/204
f 229/266/204 131/267/129 208/268/205
f 208/268/205 131/269/129 187/173/136
f 152/164/127 131/270/129 142/271/206
f 142/271/206 131/272/129 201/273/207
f 188/274/208 131/275/129 222/276/209
f 222/276/209 131/277/129 215/278/210
f 215/278/210 131/279/129 180/225/183
f 137/190/152 133/228/180 169/188/150
f 169/188/150 133/228/180 168/230/185
f 169/188/150 168/230/185 234/186/148
f 234/186/148 168/230/185 235/280/211
f 234/186/148 235/280/211 227/184/146
f 227/184/146 235/280/211 228/281/212
f 227/184/146 228/281/212 206/182/144
f 206/182/144 228/281/212 207/282/213
f 206/182/144 207/282/213 185/180/142
f 185/180/142 207/282/213 186/283/214
f 185/180/142 186/283/214 162/178/140
f 162/178/140 186/283/214 163/171/134
f 162/178/140 163/171/134 157/169/132
f 138/193/153 139/284/192 177/195/155
f 177/195/155 139/284/192 176/285/215
f 177/195/155 176/285/215 212/197/157
f 212/197/157 176/285/215 211/286/216
f 212/197/157 211/286/216 219/199/159
f 219/199/159 211/286/216 218/287/217
f 219/199/159 218/287/217 191/201/161
f 191/201/161 218/287/217 192/288/218
f 191/201/161 192/288/218 198/203/163
f 198/203/163 192/288/218 197/289/219
f 198/203/163 197/289/219 145/158/121
f 145/158/121 197/289/219 146/221/179
f 139/284/192 134/234/187 176/285/215
f 176/285/215 134/234/187 175/236/189
f 176/285/215 175/236/189 211/286/216
f 211/286/216 175/236/189 210/290/220
f 211/286/216 210/290/220 218/287/217
f 218/287/217 210/290/220 217/291/221
f 218/287/217 217/291/221 192/288/218
f 192/288/218 217/291/221 193/292/222
f 192/288/218 193/292/222 197/289/219
f 197/289/219 193/292/222 196/293/223
f 197/289/219 196/293/223 146/221/179
f 146/221/179 196/293/223 147/218/177
f 173/260/202 141/262/190 140/294/188
f 140/294/188 134/240/187 172/295/224
f 172/295/224 134/240/187 171/242/193
f 172/295/224 171/242/193 231/296/225
f 231/296/225 171/242/193 232/297/226
f 231/296/225 232/297/226 224/298/227
f 224/298/227 232/297/226 225/299/228
f 224/298/227 225/299/228 203/300/229
f 203/300/229 225/299/228 204/301/230
f 203/300/229 204/301/230 182/302/231
f 182/302/231 204/301/230 183/303/232
f 182/302/231 183/303/232 160/208/168
f 160/208/168 183/303/232 161/206/166
f 154/165/128 158/170/133 131/304/129
f 131/304/129 158/170/133 164/172/135
f 181/253/198 132/305/172 202/254/199
f 201/273/207 131/306/129 188/274/208
f 152/164/127 142/271/206 143/162/125
f 143/162/125 142/271/206 200/307/233
f 143/162/125 200/307/233 199/202/162
f 199/202/162 200/307/233 190/200/160
f 200/307/233 142/271/206 201/273/207
f 199/202/162 144/160/123 143/162/125
f 195/219/178 147/218/177 196/293/223
f 162/178/140 157/169/132 155/176/138
f 182/302/231 160/208/168 159/251/197
f 159/251/197 160/208/168 166/210/170
f 182/302/231 159/251/197 181/253/198
f 184/181/143 156/179/141 161/206/166
f 184/181/143 161/206/166 183/303/232
f 187/173/136 163/171/134 186/283/214
f 235/280/211 168/230/185 167/232/186
f 235/280/211 167/232/186 236/264/203
f 232/297/226 171/242/193 170/189/151
f 232/297/226 170/189/151 233/187/149
f 230/258/201 173/260/202 172/295/224
f 172/295/224 173/260/202 140/294/188
f 230/258/201 172/295/224 231/296/225
f 210/290/220 175/236/189 174/238/191
f 210/290/220 174/238/191 209/244/194
f 215/278/210 180/225/183 179/223/181
f 179/223/181 178/194/154 214/308/234
f 214/308/234 178/194/154 213/196/156
f 214/308/234 213/196/156 221/309/235
f 221/309/235 213/196/156 220/198/158
f 221/309/235 220/198/158 189/310/236
f 189/310/236 220/198/158 190/200/160
f 189/310/236 190/200/160 200/307/233
f 203/300/229 182/302/231 181/253/198
f 203/300/229 181/253/198 202/254/199
f 205/183/145 184/181/143 183/303/232
f 205/183/145 183/303/232 204/301/230
f 208/268/205 187/173/136 186/283/214
f 208/268/205 186/283/214 207/282/213
f 200/307/233 201/273/207 189/310/236
f 189/310/236 201/273/207 188/274/208
f 189/310/236 188/274/208 221/309/235
f 221/309/235 188/274/208 222/276/209
f 221/309/235 222/276/209 214/308/234
f 214/308/234 222/276/209 215/278/210
f 214/308/234 215/278/210 179/223/181
f 195/219/178 196/293/223 194/248/196
f 194/248/196 196/293/223 193/292/222
f 194/248/196 193/292/222 216/246/195
f 216/246/195 193/292/222 217/291/221
f 216/246/195 217/291/221 209/244/194
f 209/244/194 217/291/221 210/290/220
f 224/298/227 203/300/229 202/254/199
f 224/298/227 202/254/199 223/256/200
f 226/185/147 205/183/145 204/301/230
f 226/185/147 204/301/230 225/299/228
f 229/266/204 208/268/205 207/282/213
f 229/266/204 207/282/213 228/281/212
f 231/296/225 224/298/227 223/256/200
f 231/296/225 223/256/200 230/258/201
f 233/187/149 226/185/147 225/299/228
f 233/187/149 225/299/228 232/297/226
f 236/264/203 229/266/204 228/281/212
f 236/264/203 228/281/212 235/280/211
f 12/311/237 240/312/238 1/313/239
f 1/313/239 240/312/238 241/314/240
f 1/315/239 241/316/240 242/317/241
f 240/312/238 12/311/237 239/318/242
f 239/318/242 12/311/237 11/319/243
f 239/318/242 11/319/243 238/320/244
f 238/320/244 11/319/243 10/321/245
f 238/320/244 10/321/245 237/322/246
f 237/322/246 10/321/245 252/323/247
f 252/323/247 10/321/245 9/324/248
f 252/323/247 9/324/248 251/325/249
f 251/325/249 9/324/248 8/326/250
f 251/325/249 8/326/250 250/327/251
f 250/327/251 8/326/250 7/328/252
f 250/327/251 7/328/252 249/329/253
f 249/329/253 7/328/252 248/330/254
f 248/330/254 7/328/252 6/331/255
f 248/330/254 6/331/255 247/332/256
f 247/332/256 6/331/255 5/333/257
f 247/332/256 5/333/257 246/334/258
f 246/334/258 5/333/257 4/335/259
f 246/334/258 4/335/259 245/336/260
f 245/336/260 4/335/259 244/337/261
f 244/337/261 4/335/259 3/338/262
f 244/337/261 3/338/262 243/339/263
f 243/339/263 3/338/262 2/340/264
f 243/339/263 2/340/264 242/317/241
f 242/317/241 2/340/264 1/315/239
f 130/341/265 256/342/266 119/343/267
f 119/344/267 256/345/266 257/346/268
f 119/344/267 257/346/268 258/347/269
f 256/342/266 130/341/265 255/348/270
f 255/348/270 130/341/265 129/349/271
f 255/348/270 129/349/271 254/350/272
f 254/350/272 129/349/271 128/351/273
f 254/350/272 128/351/273 253/352/274
f 253/352/274 128/351/273 268/353/275
f 268/353/275 128/351/273 127/354/276
f 268/353/275 127/354/276 267/355/277
f 267/355/277 127/354/276 126/356/278
f 267/355/277 126/356/278 266/357/279
f 266/357/279 126/356/278 125/358/280
f 266/357/279 125/358/280 265/359/281
f 265/359/281 125/358/280 264/360/282
f 264/360/282 125/358/280 124/361/283
f 264/360/282 124/361/283 263/362/284
f 263/362/284 124/361/283 123/363/285
f 263/362/284 123/363/285 262/364/286
f 262/364/286 123/363/285 122/365/287
f 262/364/286 122/365/287 261/366/288
f 261/366/288 122/365/287 260/367/289
f 260/367/289 122/365/287 121/368/290
f 260/367/289 121/368/290 259/369/291
f 259/369/291 121/368/290 120/370/292
f 259/369/291 120/370/292 258/347/269
f 258/347/269 120/370/292 119/344/267
f 270/371/293 300/372/294 269/373/295
f 269/373/295 300/372/294 285/374/296
f 269/373/295 285/374/296 284/375/297
f 284/375/297 285/374/296 286/376/298
f 284/375/297 286/376/298 287/377/299
f 270/378/293 271/379/300 300/380/294
f 300/380/294 271/379/300 299/381/301
f 299/381/301 271/379/300 272/382/302
f 299/381/301 272/382/302 298/383/303
f 298/383/303 272/382/302 297/384/304
f 297/384/304 272/382/302 273/385/305
f 297/384/304 273/385/305 296/386/306
f 296/386/306 273/385/305 274/387/307
f 296/386/306 274/387/307 275/388/308
f 296/386/306 275/388/308 295/389/309
f 295/389/309 275/388/308 276/390/310
f 295/389/309 276/390/310 294/391/311
f 294/391/311 276/390/310 293/392/312
f 293/392/312 276/390/310 277/393/313
f 293/392/312 277/393/313 292/394/314
f 292/394/314 277/393/313 278/395/315
f 292/394/314 278/395/315 279/396/316
f 292/394/314 279/396/316 291/397/317
f 291/397/317 279/396/316 280/398/318
f 291/397/317 280/398/318 290/399/319
f 290/399/319 280/398/318 289/400/320
f 289/400/320 280/398/318 281/401/321
f 289/400/320 281/401/321 288/402/322
f 288/402/322 281/401/321 282/403/323
f 288/402/322 282/403/323 283/404/324
f 288/402/322 283/404/324 287/377/299
f 287/377/299 283/404/324 284/375/297
f 302/405/325 328/406/326 301/407/327
f 301/407/327 328/406/326 329/408/328
f 301/409/327 329/410/328 316/411/329
f 316/411/329 329/410/328 330/412/330
f 316/411/329 330/412/330 331/413/331
f 302/405/325 303/414/332 328/406/326
f 328/406/326 303/414/332 327/415/333
f 327/415/333 303/414/332 304/416/334
f 327/415/333 304/416/334 326/417/335
f 326/417/335 304/416/334 305/418/336
f 326/417/335 305/418/336 325/419/337
f 325/419/337 305/418/336 324/420/338
f 324/420/338 305/418/336 306/421/339
f 324/420/338 306/421/339 323/422/340
f 323/422/340 306/421/339 307/423/341
f 323/422/340 307/423/341 308/424/342
f 309/425/343 321/426/344 308/424/342
f 308/424/342 321/426/344 322/427/345
f 308/424/342 322/427/345 323/422/340
f 321/426/344 309/425/343 320/428/346
f 320/428/346 309/425/343 310/429/347
f 320/428/346 310/429/347 311/430/348
f 320/428/346 311/430/348 319/431/349
f 319/431/349 311/430/348 312/432/350
f 319/431/349 312/432/350 318/433/351
f 318/433/351 312/432/350 313/434/352
f 318/433/351 313/434/352 317/435/353
f 317/435/353 313/434/352 332/436/354
f 332/436/354 313/434/352 314/437/355
f 332/436/354 314/437/355 331/413/331
f 331/413/331 314/437/355 315/438/356
f 331/413/331 315/438/356 316/411/329
f 348/439/357 333/440/358 361/441/359
f 361/441/359 333/440/358 334/442/360
f 361/441/359 334/442/360 360/443/361
f 360/443/361 334/442/360 335/444/362
f 360/443/361 335/444/362 359/445/363
f 359/445/363 335/444/362 336/446/364
f 359/445/363 336/446/364 358/447/365
f 358/447/365 336/446/364 357/448/366
f 357/448/366 336/446/364 337/449/367
f 357/448/366 337/449/367 338/450/368
f 357/448/366 338/450/368 356/451/369
f 356/451/369 338/450/368 339/452/370
f 356/451/369 339/452/370 355/453/371
f 355/453/371 339/452/370 354/454/372
f 354/454/372 339/452/370 340/455/373
f 354/454/372 340/455/373 353/456/374
f 353/456/374 340/455/373 341/457/375
f 353/456/374 341/457/375 342/458/376
f 353/456/374 342/458/376 352/459/377
f 352/459/377 342/458/376 343/460/378
f 352/459/377 343/460/378 351/461/379
f 351/461/379 343/460/378 344/462/380
f 351/461/379 344/462/380 350/463/381
f 350/463/381 344/462/380 349/464/382
f 349/464/382 344/462/380 345/465/383
f 349/466/382 345/467/383 346/468/384
f 349/466/382 346/468/384 364/469/385
f 364/469/385 346/468/384 347/470/386
f 364/469/385 347/470/386 363/471/387
f 363/471/387 347/470/386 362/472/388
f 362/472/388 347/470/386 348/439/357
f 362/472/388 348/439/357 361/441/359
f 300/473/389 375/474/390 285/475/391
f 285/475/391 375/474/390 376/476/392
f 285/475/391 376/476/392 407/477/393
f 407/477/393 376/476/392 463/478/394
f 407/477/393 463/478/394 464/479/395
f 464/479/395 463/478/394 468/480/396
f 464/479/395 468/480/396 469/481/397
f 469/481/397 468/480/396 473/482/398
f 469/481/397 473/482/398 474/483/399
f 474/483/399 473/482/398 478/484/400
f 474/483/399 478/484/400 388/485/401
f 388/485/401 478/484/400 387/486/402
f 387/486/402 478/484/400 482/487/403
f 387/486/402 482/487/403 386/488/404
f 386/488/404 482/487/403 486/489/405
f 386/488/404 486/489/405 385/490/406
f 385/490/406 486/489/405 435/491/407
f 385/490/406 435/491/407 301/492/408
f 301/492/408 435/491/407 427/493/409
f 301/492/408 427/493/409 302/494/410
f 302/494/410 427/493/409 303/495/411
f 303/495/411 427/493/409 304/496/412
f 304/496/412 427/493/409 403/497/413
f 304/496/412 403/497/413 305/498/414
f 305/499/414 403/500/413 306/501/415
f 306/501/415 403/500/413 434/502/416
f 306/501/415 434/502/416 307/503/417
f 307/503/417 434/502/416 308/504/418
f 308/504/418 434/502/416 309/505/419
f 309/505/419 434/502/416 402/506/420
f 309/505/419 402/506/420 310/507/421
f 310/507/421 402/506/420 311/508/422
f 311/508/422 402/506/420 312/509/423
f 312/509/423 402/506/420 384/510/424
f 312/509/423 384/510/424 313/511/425
f 313/512/425 384/513/424 314/514/426
f 314/514/426 384/513/424 385/490/406
f 314/514/426 385/490/406 315/515/427
f 315/515/427 385/490/406 316/516/428
f 316/516/428 385/490/406 301/492/408
f 300/473/389 299/517/429 375/474/390
f 375/474/390 299/517/429 298/518/430
f 375/474/390 298/518/430 297/519/431
f 375/474/390 297/519/431 374/520/432
f 374/520/432 297/519/431 296/521/433
f 374/520/432 296/521/433 295/522/434
f 295/522/434 294/523/435 374/520/432
f 374/520/432 294/523/435 373/524/436
f 373/524/436 294/523/435 293/525/437
f 373/524/436 293/525/437 418/526/438
f 418/526/438 293/525/437 419/527/439
f 418/526/438 419/527/439 420/528/440
f 420/528/440 419/527/439 424/529/441
f 420/528/440 424/529/441 425/530/442
f 425/530/442 424/529/441 412/531/443
f 425/530/442 412/531/443 411/532/444
f 411/532/444 412/531/443 410/533/445
f 411/532/444 410/533/445 349/534/446
f 349/534/446 410/533/445 392/535/447
f 349/534/446 392/535/447 393/536/448
f 293/525/437 292/537/449 419/527/439
f 419/527/439 292/537/449 291/538/450
f 419/527/439 291/538/450 423/539/451
f 423/539/451 291/538/450 290/540/452
f 423/539/451 290/540/452 289/541/453
f 423/539/451 289/541/453 414/542/454
f 414/542/454 289/541/453 288/543/455
f 414/542/454 288/543/455 287/544/456
f 287/544/456 286/545/457 414/542/454
f 414/542/454 286/545/457 285/475/391
f 414/542/454 285/475/391 407/477/393
f 284/546/458 430/547/459 269/548/460
f 269/548/460 430/547/459 438/549/461
f 269/548/460 438/549/461 383/550/462
f 383/550/462 438/549/461 382/551/463
f 382/551/463 438/549/461 483/552/464
f 382/551/463 483/552/464 381/553/465
f 381/553/465 483/552/464 479/554/466
f 381/553/465 479/554/466 380/555/467
f 380/555/467 479/554/466 475/556/468
f 380/555/467 475/556/468 379/557/469
f 379/557/469 475/556/468 471/558/470
f 379/557/469 471/558/470 378/559/471
f 378/559/471 471/558/470 467/560/472
f 378/559/471 467/560/472 377/561/473
f 377/561/473 467/560/472 463/478/394
f 377/561/473 463/478/394 376/476/392
f 284/546/458 283/562/474 430/547/459
f 430/547/459 283/562/474 282/563/475
f 430/547/459 282/563/475 406/564/476
f 406/564/476 282/563/475 281/565/477
f 406/566/476 281/567/477 280/568/478
f 406/566/476 280/568/478 431/569/479
f 431/569/479 280/568/478 279/570/480
f 431/569/479 279/570/480 278/571/481
f 278/571/481 277/572/482 431/569/479
f 431/569/479 277/572/482 366/573/483
f 431/569/479 366/573/483 439/574/484
f 439/574/484 366/573/483 367/575/485
f 439/574/484 367/575/485 443/576/486
f 443/576/486 367/575/485 368/577/487
f 443/576/486 368/577/487 447/578/488
f 447/578/488 368/577/487 369/579/489
f 447/578/488 369/579/489 451/580/490
f 451/580/490 369/579/489 370/581/491
f 451/580/490 370/581/491 455/582/492
f 455/582/492 370/581/491 371/583/493
f 455/582/492 371/583/493 459/584/494
f 459/584/494 371/583/493 372/585/495
f 459/584/494 372/585/495 418/526/438
f 418/526/438 372/585/495 373/524/436
f 277/572/482 276/586/496 366/573/483
f 366/573/483 276/586/496 275/587/497
f 366/573/483 275/587/497 274/588/498
f 366/573/483 274/588/498 365/589/499
f 365/589/499 274/588/498 273/590/500
f 365/591/499 273/592/500 272/593/501
f 365/591/499 272/593/501 383/550/462
f 383/550/462 272/593/501 271/594/502
f 383/550/462 271/594/502 270/595/503
f 270/595/503 269/548/460 383/550/462
f 349/534/446 364/596/504 411/532/444
f 411/532/444 364/596/504 363/597/505
f 411/532/444 363/597/505 362/598/506
f 362/598/506 361/599/507 411/532/444
f 411/532/444 361/599/507 426/600/508
f 411/532/444 426/600/508 425/530/442
f 425/530/442 426/600/508 421/601/509
f 425/530/442 421/601/509 420/528/440
f 420/528/440 421/601/509 417/602/510
f 420/528/440 417/602/510 418/526/438
f 418/526/438 417/602/510 459/584/494
f 361/599/507 360/603/511 426/600/508
f 426/600/508 360/603/511 359/604/512
f 426/600/508 359/604/512 422/605/513
f 422/605/513 359/604/512 358/606/514
f 422/605/513 358/606/514 357/607/515
f 356/608/516 395/609/517 357/607/515
f 357/607/515 395/609/517 415/610/518
f 357/607/515 415/610/518 422/605/513
f 422/605/513 415/610/518 416/611/519
f 422/605/513 416/611/519 421/601/509
f 421/601/509 416/611/519 417/602/510
f 395/609/517 356/608/516 394/612/520
f 394/612/520 356/608/516 355/613/521
f 394/612/520 355/613/521 354/614/522
f 354/614/522 353/615/523 394/612/520
f 394/612/520 353/615/523 393/536/448
f 393/536/448 353/615/523 352/616/524
f 393/536/448 352/616/524 351/617/525
f 351/617/525 350/618/526 393/536/448
f 393/536/448 350/618/526 349/534/446
f 388/485/401 389/619/527 474/483/399
f 474/483/399 389/619/527 470/620/528
f 474/483/399 470/620/528 469/481/397
f 469/481/397 470/620/528 465/621/529
f 469/481/397 465/621/529 464/479/395
f 464/479/395 465/621/529 408/622/530
f 464/479/395 408/622/530 407/477/393
f 407/477/393 408/622/530 414/542/454
f 389/619/527 390/623/531 470/620/528
f 470/620/528 390/623/531 466/624/532
f 470/620/528 466/624/532 465/621/529
f 465/621/529 466/624/532 409/625/533
f 465/621/529 409/625/533 408/622/530
f 408/622/530 409/625/533 413/626/534
f 408/622/530 413/626/534 414/542/454
f 414/542/454 413/626/534 423/539/451
f 390/623/531 391/627/535 466/624/532
f 466/624/532 391/627/535 410/533/445
f 466/624/532 410/533/445 409/625/533
f 409/625/533 410/533/445 412/531/443
f 409/625/533 412/531/443 413/626/534
f 413/626/534 412/531/443 424/529/441
f 413/626/534 424/529/441 423/539/451
f 423/539/451 424/529/441 419/527/439
f 391/627/535 392/535/447 410/533/445
f 415/610/518 395/609/517 462/628/536
f 462/628/536 395/609/517 396/629/537
f 462/628/536 396/629/537 458/630/538
f 458/630/538 396/629/537 397/631/539
f 458/630/538 397/631/539 454/632/540
f 454/632/540 397/631/539 398/633/541
f 454/632/540 398/633/541 450/634/542
f 450/634/542 398/633/541 399/635/543
f 450/634/542 399/635/543 446/636/544
f 446/636/544 399/635/543 400/637/545
f 446/636/544 400/637/545 442/638/546
f 442/638/546 400/637/545 401/639/547
f 442/638/546 401/639/547 434/502/416
f 434/502/416 401/639/547 402/506/420
f 403/500/413 404/640/548 434/502/416
f 434/502/416 404/640/548 433/641/549
f 434/502/416 433/641/549 442/638/546
f 442/638/546 433/641/549 441/642/550
f 442/638/546 441/642/550 446/636/544
f 446/636/544 441/642/550 445/643/551
f 446/636/544 445/643/551 450/634/542
f 450/634/542 445/643/551 449/644/552
f 450/634/542 449/644/552 454/632/540
f 454/632/540 449/644/552 453/645/553
f 454/632/540 453/645/553 458/630/538
f 458/630/538 453/645/553 457/646/554
f 458/630/538 457/646/554 462/628/536
f 462/628/536 457/646/554 461/647/555
f 462/628/536 461/647/555 415/610/518
f 415/610/518 461/647/555 416/611/519
f 404/640/548 405/648/556 433/641/549
f 433/641/549 405/648/556 432/649/557
f 433/641/549 432/649/557 441/642/550
f 441/642/550 432/649/557 440/650/558
f 441/642/550 440/650/558 445/643/551
f 445/643/551 440/650/558 444/651/559
f 445/643/551 444/651/559 449/644/552
f 449/644/552 444/651/559 448/652/560
f 449/644/552 448/652/560 453/645/553
f 453/645/553 448/652/560 452/653/561
f 453/645/553 452/653/561 457/646/554
f 457/646/554 452/653/561 456/654/562
f 457/646/554 456/654/562 461/647/555
f 461/647/555 456/654/562 460/655/563
f 461/647/555 460/655/563 416/611/519
f 416/611/519 460/655/563 417/602/510
f 404/656/548 403/497/413 428/657/564
f 428/657/564 403/497/413 427/493/409
f 428/657/564 427/493/409 436/658/565
f 436/658/565 427/493/409 435/491/407
f 436/658/565 435/491/407 485/659/566
f 485/659/566 435/491/407 486/489/405
f 485/659/566 486/489/405 481/660/567
f 481/660/567 486/489/405 482/487/403
f 481/660/567 482/487/403 477/661/568
f 477/661/568 482/487/403 478/484/400
f 477/661/568 478/484/400 473/482/398
f 405/648/556 406/566/476 432/649/557
f 432/649/557 406/566/476 431/569/479
f 432/649/557 431/569/479 440/650/558
f 440/650/558 431/569/479 439/574/484
f 440/650/558 439/574/484 444/651/559
f 444/651/559 439/574/484 443/576/486
f 444/651/559 443/576/486 448/652/560
f 448/652/560 443/576/486 447/578/488
f 448/652/560 447/578/488 452/653/561
f 452/653/561 447/578/488 451/580/490
f 452/653/561 451/580/490 456/654/562
f 456/654/562 451/580/490 455/582/492
f 456/654/562 455/582/492 460/655/563
f 460/655/563 455/582/492 459/584/494
f 460/655/563 459/584/494 417/602/510
f 405/662/556 404/656/548 429/663/569
f 429/663/569 404/656/548 428/657/564
f 429/663/569 428/657/564 437/664/570
f 437/664/570 428/657/564 436/658/565
f 437/664/570 436/658/565 484/665/571
f 484/665/571 436/658/565 485/659/566
f 484/665/571 485/659/566 480/666/572
f 480/666/572 485/659/566 481/660/567
f 480/666/572 481/660/567 476/667/573
f 476/667/573 481/660/567 477/661/568
f 476/667/573 477/661/568 472/668/574
f 472/668/574 477/661/568 473/482/398
f 472/668/574 473/482/398 468/480/396
f 406/564/476 405/662/556 430/547/459
f 430/547/459 405/662/556 429/663/569
f 430/547/459 429/663/569 438/549/461
f 438/549/461 429/663/569 437/664/570
f 438/549/461 437/664/570 483/552/464
f 483/552/464 437/664/570 484/665/571
f 483/552/464 484/665/571 479/554/466
f 479/554/466 484/665/571 480/666/572
f 479/554/466 480/666/572 475/556/468
f 475/556/468 480/666/572 476/667/573
f 475/556/468 476/667/573 471/558/470
f 471/558/470 476/667/573 472/668/574
f 471/558/470 472/668/574 467/560/472
f 467/560/472 472/668/574 468/480/396
f 467/560/472 468/480/396 463/478/394
f 426/600/508 422/605/513 421/601/509
f 252/669/575 533/670/576 237/671/577
f 237/671/577 533/670/576 540/672/578
f 237/671/577 540/672/578 238/673/579
f 238/673/579 540/672/578 239/674/580
f 239/674/580 540/672/578 240/675/581
f 240/675/581 540/672/578 241/676/582
f 241/676/582 540/672/578 548/677/583
f 241/676/582 548/677/583 496/678/584
f 496/678/584 548/677/583 495/679/585
f 495/679/585 548/677/583 589/680/586
f 495/679/585 589/680/586 494/681/587
f 494/681/587 589/680/586 585/682/588
f 494/681/587 585/682/588 493/683/589
f 493/683/589 585/682/588 581/684/590
f 493/683/589 581/684/590 492/685/591
f 492/685/591 581/684/590 577/686/592
f 492/685/591 577/686/592 491/687/593
f 491/687/593 577/686/592 573/688/594
f 491/687/593 573/688/594 490/689/595
f 490/689/595 573/688/594 569/690/596
f 490/689/595 569/690/596 489/691/597
f 489/691/597 569/690/596 565/692/598
f 489/691/597 565/692/598 488/693/599
f 488/693/599 565/692/598 561/694/600
f 488/693/599 561/694/600 257/695/601
f 257/695/601 561/694/600 553/696/602
f 257/695/601 553/696/602 258/697/603
f 258/697/603 553/696/602 259/698/604
f 259/698/604 553/696/602 260/699/605
f 260/699/605 553/696/602 532/700/606
f 260/699/605 532/700/606 261/701/607
f 261/702/607 532/703/606 262/704/608
f 262/704/608 532/703/606 263/705/609
f 263/705/609 532/703/606 552/706/610
f 263/705/609 552/706/610 264/707/611
f 264/707/611 552/706/610 265/708/612
f 265/708/612 552/706/610 507/709/613
f 265/708/612 507/709/613 266/710/614
f 266/710/614 507/709/613 267/711/615
f 267/711/615 507/709/613 487/712/616
f 267/711/615 487/712/616 268/713/617
f 268/713/617 487/712/616 253/714/618
f 253/715/618 487/716/616 254/717/619
f 254/717/619 487/716/616 255/718/620
f 255/718/620 487/716/616 488/693/599
f 255/718/620 488/693/599 256/719/621
f 256/719/621 488/693/599 257/695/601
f 252/669/575 251/720/622 533/670/576
f 533/670/576 251/720/622 541/721/623
f 533/670/576 541/721/623 542/722/624
f 542/722/624 541/721/623 558/723/625
f 542/722/624 558/723/625 559/724/626
f 559/724/626 558/723/625 595/725/627
f 559/724/626 595/725/627 596/726/628
f 596/726/628 595/725/627 600/727/629
f 596/726/628 600/727/629 515/728/630
f 515/728/630 600/727/629 514/729/631
f 514/729/631 600/727/629 604/730/632
f 514/729/631 604/730/632 513/731/633
f 513/731/633 604/730/632 608/732/634
f 513/731/633 608/732/634 512/733/635
f 512/733/635 608/732/634 612/734/636
f 512/733/635 612/734/636 511/735/637
f 511/735/637 612/734/636 616/736/638
f 511/735/637 616/736/638 510/737/639
f 510/737/639 616/736/638 620/738/640
f 510/737/639 620/738/640 509/739/641
f 509/739/641 620/738/640 549/740/642
f 509/739/641 549/740/642 321/741/643
f 321/741/643 549/740/642 322/742/644
f 322/742/644 549/740/642 323/743/645
f 323/743/645 549/740/642 529/744/646
f 323/743/645 529/744/646 324/745/647
f 324/745/647 529/744/646 325/746/648
f 325/747/648 529/748/646 326/749/649
f 326/749/649 529/748/646 556/750/650
f 326/749/649 556/750/650 327/751/651
f 327/751/651 556/750/650 328/752/652
f 328/752/652 556/750/650 329/753/653
f 329/753/653 556/750/650 564/754/654
f 329/753/653 564/754/654 528/755/655
f 528/755/655 564/754/654 527/756/656
f 527/756/656 564/754/654 568/757/657
f 527/756/656 568/757/657 526/758/658
f 526/758/658 568/757/657 572/759/659
f 526/758/658 572/759/659 525/760/660
f 525/760/660 572/759/659 576/761/661
f 525/760/660 576/761/661 524/762/662
f 524/762/662 576/761/661 580/763/663
f 524/762/662 580/763/663 523/764/664
f 523/764/664 580/763/663 584/765/665
f 523/764/664 584/765/665 522/766/666
f 522/766/666 584/765/665 588/767/667
f 522/766/666 588/767/667 521/768/668
f 521/768/668 588/767/667 592/769/669
f 521/768/668 592/769/669 520/770/670
f 520/770/670 592/769/669 545/771/671
f 520/770/670 545/771/671 345/772/672
f 345/772/672 545/771/671 537/773/673
f 345/772/672 537/773/673 346/774/674
f 346/774/674 537/773/673 347/775/675
f 347/775/675 537/773/673 348/776/676
f 348/776/676 537/773/673 333/777/677
f 333/777/677 537/773/673 536/778/678
f 333/777/677 536/778/678 334/779/679
f 334/779/679 536/778/678 335/780/680
f 335/780/680 536/778/678 544/781/681
f 335/780/680 544/781/681 336/782/682
f 336/782/682 544/781/681 337/783/683
f 337/783/683 544/781/681 560/784/684
f 337/783/683 560/784/684 517/785/685
f 517/785/685 560/784/684 516/786/686
f 516/786/686 560/784/684 596/726/628
f 516/786/686 596/726/628 515/728/630
f 251/720/622 250/787/687 541/721/623
f 541/721/623 250/787/687 249/788/688
f 541/721/623 249/788/688 557/789/689
f 557/789/689 249/788/688 499/790/690
f 557/789/689 499/790/690 593/791/691
f 593/791/691 499/790/690 500/792/692
f 593/791/691 500/792/692 597/793/693
f 597/793/693 500/792/692 501/794/694
f 597/793/693 501/794/694 601/795/695
f 601/795/695 501/794/694 502/796/696
f 601/795/695 502/796/696 605/797/697
f 605/797/697 502/796/696 503/798/698
f 605/797/697 503/798/698 609/799/699
f 609/799/699 503/798/698 504/800/700
f 609/799/699 504/800/700 613/801/701
f 613/801/701 504/800/700 505/802/702
f 613/801/701 505/802/702 617/803/703
f 617/803/703 505/802/702 506/804/704
f 617/803/703 506/804/704 552/706/610
f 552/706/610 506/804/704 507/709/613
f 249/788/688 248/805/705 499/790/690
f 499/790/690 248/805/705 498/806/706
f 498/806/706 248/805/705 247/807/707
f 498/806/706 247/807/707 246/808/708
f 246/808/708 245/809/709 498/806/706
f 498/806/706 245/809/709 497/810/710
f 497/810/710 245/809/709 244/811/711
f 497/810/710 244/811/711 243/812/712
f 243/812/712 242/813/713 497/810/710
f 497/810/710 242/813/713 241/676/582
f 497/810/710 241/676/582 496/678/584
f 340/814/714 518/815/715 341/816/716
f 341/816/716 518/815/715 519/817/717
f 341/816/716 519/817/717 342/818/718
f 342/818/718 519/817/717 343/819/719
f 343/819/719 519/817/717 344/820/720
f 344/820/720 519/817/717 345/772/672
f 345/772/672 519/817/717 520/770/670
f 340/814/714 339/821/721 518/815/715
f 518/815/715 339/821/721 338/822/722
f 518/815/715 338/822/722 517/785/685
f 517/785/685 338/822/722 337/783/683
f 321/741/643 320/823/723 509/739/641
f 509/739/641 320/823/723 319/824/724
f 509/739/641 319/824/724 508/825/725
f 508/825/725 319/824/724 318/826/726
f 508/825/725 318/826/726 317/827/727
f 317/828/727 332/829/728 508/830/725
f 508/830/725 332/829/728 331/831/729
f 508/830/725 331/831/729 528/755/655
f 528/755/655 331/831/729 330/832/730
f 528/755/655 330/832/730 329/753/653
f 529/748/646 530/833/731 556/750/650
f 556/750/650 530/833/731 555/834/732
f 556/750/650 555/834/732 564/754/654
f 564/754/654 555/834/732 563/835/733
f 564/754/654 563/835/733 568/757/657
f 568/757/657 563/835/733 567/836/734
f 568/757/657 567/836/734 572/759/659
f 572/759/659 567/836/734 571/837/735
f 572/759/659 571/837/735 576/761/661
f 576/761/661 571/837/735 575/838/736
f 576/761/661 575/838/736 580/763/663
f 580/763/663 575/838/736 579/839/737
f 580/763/663 579/839/737 584/765/665
f 584/765/665 579/839/737 583/840/738
f 584/765/665 583/840/738 588/767/667
f 588/767/667 583/840/738 587/841/739
f 588/767/667 587/841/739 592/769/669
f 592/769/669 587/841/739 591/842/740
f 592/769/669 591/842/740 545/771/671
f 545/771/671 591/842/740 546/843/741
f 545/771/671 546/843/741 537/773/673
f 537/773/673 546/843/741 538/844/742
f 537/773/673 538/844/742 536/778/678
f 536/778/678 538/844/742 535/845/743
f 536/778/678 535/845/743 544/781/681
f 544/781/681 535/845/743 543/846/744
f 544/781/681 543/846/744 560/784/684
f 560/784/684 543/846/744 559/724/626
f 560/784/684 559/724/626 596/726/628
f 530/833/731 531/847/745 555/834/732
f 555/834/732 531/847/745 554/848/746
f 555/834/732 554/848/746 563/835/733
f 563/835/733 554/848/746 562/849/747
f 563/835/733 562/849/747 567/836/734
f 567/836/734 562/849/747 566/850/748
f 567/836/734 566/850/748 571/837/735
f 571/837/735 566/850/748 570/851/749
f 571/837/735 570/851/749 575/838/736
f 575/838/736 570/851/749 574/852/750
f 575/838/736 574/852/750 579/839/737
f 579/839/737 574/852/750 578/853/751
f 579/839/737 578/853/751 583/840/738
f 583/840/738 578/853/751 582/854/752
f 583/840/738 582/854/752 587/841/739
f 587/841/739 582/854/752 586/855/753
f 587/841/739 586/855/753 591/842/740
f 591/842/740 586/855/753 590/856/754
f 591/842/740 590/856/754 546/843/741
f 546/843/741 590/856/754 547/857/755
f 546/843/741 547/857/755 538/844/742
f 538/844/742 547/857/755 539/858/756
f 538/844/742 539/858/756 535/845/743
f 535/845/743 539/858/756 534/859/757
f 535/845/743 534/859/757 543/846/744
f 543/846/744 534/859/757 542/722/624
f 543/846/744 542/722/624 559/724/626
f 530/860/731 529/744/646 550/861/758
f 550/861/758 529/744/646 549/740/642
f 550/861/758 549/740/642 619/862/759
f 619/862/759 549/740/642 620/738/640
f 619/862/759 620/738/640 615/863/760
f 615/863/760 620/738/640 616/736/638
f 615/863/760 616/736/638 611/864/761
f 611/864/761 616/736/638 612/734/636
f 611/864/761 612/734/636 607/865/762
f 607/865/762 612/734/636 608/732/634
f 607/865/762 608/732/634 603/866/763
f 603/866/763 608/732/634 604/730/632
f 603/866/763 604/730/632 599/867/764
f 599/867/764 604/730/632 600/727/629
f 599/867/764 600/727/629 595/725/627
f 531/847/745 532/700/606 554/848/746
f 554/848/746 532/700/606 553/696/602
f 554/848/746 553/696/602 562/849/747
f 562/849/747 553/696/602 561/694/600
f 562/849/747 561/694/600 566/850/748
f 566/850/748 561/694/600 565/692/598
f 566/850/748 565/692/598 570/851/749
f 570/851/749 565/692/598 569/690/596
f 570/851/749 569/690/596 574/852/750
f 574/852/750 569/690/596 573/688/594
f 574/852/750 573/688/594 578/853/751
f 578/853/751 573/688/594 577/686/592
f 578/853/751 577/686/592 582/854/752
f 582/854/752 577/686/592 581/684/590
f 582/854/752 581/684/590 586/855/753
f 586/855/753 581/684/590 585/682/588
f 586/855/753 585/682/588 590/856/754
f 590/856/754 585/682/588 589/680/586
f 590/856/754 589/680/586 547/857/755
f 547/857/755 589/680/586 548/677/583
f 547/857/755 548/677/583 539/858/756
f 539/858/756 548/677/583 540/672/578
f 539/858/756 540/672/578 534/859/757
f 534/859/757 540/672/578 533/670/576
f 534/859/757 533/670/576 542/722/624
f 531/868/745 530/860/731 551/869/765
f 551/869/765 530/860/731 550/861/758
f 551/869/765 550/861/758 618/870/766
f 618/870/766 550/861/758 619/862/759
f 618/870/766 619/862/759 614/871/767
f 614/871/767 619/862/759 615/863/760
f 614/871/767 615/863/760 610/872/768
f 610/872/768 615/863/760 611/864/761
f 610/872/768 611/864/761 606/873/769
f 606/873/769 611/864/761 607/865/762
f 606/873/769 607/865/762 602/874/770
f 602/874/770 607/865/762 603/866/763
f 602/874/770 603/866/763 598/875/771
f 598/875/771 603/866/763 599/867/764
f 598/875/771 599/867/764 594/876/772
f 594/876/772 599/867/764 595/725/627
f 594/876/772 595/725/627 558/723/625
f 532/703/606 531/868/745 552/706/610
f 552/706/610 531/868/745 551/869/765
f 552/706/610 551/869/765 617/803/703
f 617/803/703 551/869/765 618/870/766
f 617/803/703 618/870/766 613/801/701
f 613/801/701 618/870/766 614/871/767
f 613/801/701 614/871/767 609/799/699
f 609/799/699 614/871/767 610/872/768
f 609/799/699 610/872/768 605/797/697
f 605/797/697 610/872/768 606/873/769
f 605/797/697 606/873/769 601/795/695
f 601/795/695 606/873/769 602/874/770
f 601/795/695 602/874/770 597/793/693
f 597/793/693 602/874/770 598/875/771
f 597/793/693 598/875/771 593/791/691
f 593/791/691 598/875/771 594/876/772
f 593/791/691 594/876/772 557/789/689
f 557/789/689 594/876/772 558/723/625
f 557/789/689 558/723/625 541/721/623
f 383/877/773 488/878/774 365/879/775
f 365/879/775 488/878/774 487/880/776
f 365/879/775 487/880/776 507/881/777
f 488/878/774 383/877/773 489/882/778
f 489/882/778 383/877/773 382/883/779
f 489/882/778 382/883/779 490/884/780
f 490/884/780 382/883/779 381/885/781
f 490/884/780 381/885/781 491/886/782
f 491/886/782 381/885/781 380/887/783
f 491/886/782 380/887/783 492/888/784
f 492/888/784 380/887/783 379/889/785
f 492/888/784 379/889/785 493/890/786
f 493/890/786 379/889/785 378/891/787
f 493/890/786 378/891/787 494/892/788
f 494/892/788 378/891/787 377/893/789
f 494/892/788 377/893/789 495/894/790
f 495/894/790 377/893/789 376/895/791
f 495/894/790 376/895/791 496/896/792
f 496/896/792 376/895/791 375/897/793
f 496/896/792 375/897/793 497/898/794
f 497/898/794 375/897/793 498/899/795
f 498/899/795 375/897/793 374/900/796
f 498/899/795 374/900/796 499/901/797
f 499/901/797 374/900/796 373/902/798
f 499/901/797 373/902/798 500/903/799
f 500/903/799 373/902/798 372/904/800
f 500/903/799 372/904/800 501/905/801
f 501/905/801 372/904/800 371/906/802
f 501/905/801 371/906/802 502/907/803
f 502/907/803 371/906/802 370/908/804
f 502/907/803 370/908/804 503/909/805
f 503/909/805 370/908/804 369/910/806
f 503/909/805 369/910/806 504/911/807
f 504/911/807 369/910/806 368/912/808
f 504/911/807 368/912/808 505/913/809
f 505/913/809 368/912/808 367/914/810
f 505/913/809 367/914/810 506/915/811
f 506/915/811 367/914/810 366/916/812
f 506/915/811 366/916/812 507/881/777
f 507/881/777 366/916/812 365/879/775
f 402/917/813 509/918/814 384/919/815
f 384/919/815 509/918/814 508/920/816
f 384/919/815 508/920/816 528/921/817
f 509/918/814 402/917/813 510/922/818
f 510/922/818 402/917/813 401/923/819
f 510/922/818 401/923/819 511/924/820
f 511/924/820 401/923/819 400/925/821
f 511/924/820 400/925/821 512/926/822
f 512/926/822 400/925/821 399/927/823
f 512/926/822 399/927/823 513/928/824
f 513/928/824 399/927/823 398/929/825
f 513/928/824 398/929/825 514/930/826
f 514/930/826 398/929/825 397/931/827
f 514/930/826 397/931/827 515/932/828
f 515/932/828 397/931/827 396/933/829
f 515/932/828 396/933/829 516/934/830
f 516/934/830 396/933/829 395/935/831
f 516/934/830 395/935/831 517/936/832
f 517/936/832 395/935/831 394/937/833
f 517/936/832 394/937/833 518/938/834
f 518/938/834 394/937/833 393/939/835
f 518/938/834 393/939/835 519/940/836
f 519/940/836 393/939/835 520/941/837
f 520/941/837 393/939/835 392/942/838
f 520/941/837 392/942/838 521/943/839
f 521/943/839 392/942/838 391/944/840
f 521/943/839 391/944/840 522/945/841
f 522/945/841 391/944/840 390/946/842
f 522/945/841 390/946/842 523/947/843
f 523/947/843 390/946/842 389/948/844
f 523/947/843 389/948/844 524/949/845
f 524/949/845 389/948/844 388/950/846
f 524/949/845 388/950/846 525/951/847
f 525/951/847 388/950/846 387/952/848
f 525/951/847 387/952/848 526/953/849
f 526/953/849 387/952/848 386/954/850
f 526/953/849 386/954/850 527/955/851
f 527/955/851 386/954/850 385/956/852
f 527/955/851 385/956/852 528/921/817
f 528/921/817 385/956/852 384/919/815
# 620 vertices
# 956 texture params
# 852 normals
# 1252 facets

# 1 groups
